# Per-country facts from Wikidata (CC0), fetched by build_facts.py.
# continent P30, currency P38, language P37, drive P1622,
# landlocked P31 = Q123480, org P463 memberships, gov P122 basic
# form of government, tz P421 time zones.
# country	continent	currency	language	drive	landlocked	org	gov	tz
Afghanistan	Asia	afghani	Arabic|Balochi|Dari|Nuristani|Pamir|Pashayi|Pashto|Turkmen|Uzbek	right	1	United Nations	Emirate|islamic theocracy|unitary state	Asia/Kabul|UTC+04:30
Albania	Europe	Albanian lek	Albanian	right	0	United Nations	parliamentary system	UTC+01:00
Algeria	Africa	Algerian dinar	Arabic|Standard Algerian Berber	right	0	African Continental Free Trade Area|African Development Bank|African Union|Arab Bank for Economic Development in Africa|Arab Fund for Economic and Social Development|Arab League|Arab Maghreb Union|Arab Monetary Fund|Group on Earth Observations|International Bank for Reconstruction and Development|International Centre for Settlement of Investment Disputes|International Civil Defence Organisation|International Development Association|International Finance Corporation|International Hydrographic Organization|International Telecommunication Union|Interpol|Lake Chad Basin Commission|Multilateral Investment Guarantee Agency|Organisation for the Prohibition of Chemical Weapons|Organisation of Islamic Cooperation|Organization of the Petroleum Exporting Countries|Treaty on the Non-Proliferation of Nuclear Weapons|UNESCO|United Nations|Universal Postal Union|World Customs Organization|World Health Organization|World Meteorological Organization|World Trade Organization	people's republic|semi-presidential system	UTC+01:00
Andorra	Europe		Catalan	right	0	United Nations	parliamentary coprincipality	Central European Time|Europe/Andorra|UTC+01:00
Angola	Africa	kwanza	Portuguese	right	0	African Continental Free Trade Area|African Development Bank|African Union|Community of Portuguese Language Countries|Economic Community of Central African States|Gulf of Guinea Commission|International Bank for Reconstruction and Development|International Development Association|International Finance Corporation|International Renewable Energy Agency|International Telecommunication Union|Interpol|Multilateral Investment Guarantee Agency|Organisation for the Prohibition of Chemical Weapons|Organisation of African, Caribbean and Pacific States|Organization of the Petroleum Exporting Countries|Southern African Development Community|Treaty on the Non-Proliferation of Nuclear Weapons|UNESCO|United Nations|Universal Postal Union|World Customs Organization|World Health Organization|World Meteorological Organization|World Trade Organization	presidential system|republic	Africa/Luanda|UTC+01:00
Antigua and Barbuda	North America	Eastern Caribbean dollar	English|Spanish	left	0	Agency for the Prohibition of Nuclear Weapons in Latin America and the Caribbean|Alliance of Small Island States|Caribbean Community|Caribbean Development Bank|Caribbean Disaster Emergency Management Agency|Caribbean Free Trade Association|Commonwealth of Nations|International Bank for Reconstruction and Development|International Finance Corporation|International Telecommunication Union|Interpol|Multilateral Investment Guarantee Agency|Organisation for the Prohibition of Chemical Weapons|Organisation of African, Caribbean and Pacific States|Organization of American States|Treaty on the Non-Proliferation of Nuclear Weapons|UNESCO|United Nations|Universal Postal Union|World Customs Organization|World Health Organization|World Meteorological Organization|World Trade Organization	constitutional monarchy	America/Antigua|UTC−04:00
Argentina	South America	Argentine convertible peso	Spanish	left|right	0	ABC nations|African Development Bank|Agency for the Prohibition of Nuclear Weapons in Latin America and the Caribbean|Andean Community|Antarctic Treaty System|Australia Group|Central American Bank for Economic Integration|G20|Group on Earth Observations|International Bank for Reconstruction and Development|International Centre for Settlement of Investment Disputes|International Development Association|International Finance Corporation|International Holocaust Remembrance Alliance|International Hydrographic Organization|International Renewable Energy Agency|International Telecommunication Union|Interpol|Missile Technology Control Regime|Multilateral Investment Guarantee Agency|Nuclear Suppliers Group|Organisation for the Prohibition of Chemical Weapons|Organization of American States|Treaty on the Non-Proliferation of Nuclear Weapons|UNESCO|Union of South American Nations|United Nations|Universal Postal Union|World Customs Organization|World Health Organization|World Meteorological Organization|World Trade Organization	federal republic	UTC−03:00
Australia	Oceania	Australian dollar	English	left	0	ABCANZ Armies|ANZUK|ANZUS|ASEAN|ASEAN Regional Forum|AUKUS|AUSCANNZUKUS|Air Force Interoperability Council|Antarctic Treaty System|Asia-Pacific Economic Cooperation|Asian Development Bank|Australia Group|Bank for International Settlements|Colombo Plan|Combined Communications-Electronics Board|Commonwealth of Nations|East Asia Summit|European Bank for Reconstruction and Development|Five Eyes|Food and Agriculture Organization of the United Nations|G20|Group on Earth Observations|International Bank for Reconstruction and Development|International Centre for Settlement of Investment Disputes|International Development Association|International Energy Agency|International Finance Corporation|International Holocaust Remembrance Alliance|International Hydrographic Organization|International Telecommunication Union|Interpol|Missile Technology Control Regime|Multilateral Investment Guarantee Agency|Nuclear Suppliers Group|Organisation for the Prohibition of Chemical Weapons|Organization for Economic Cooperation and Development|Pacific Community|Pacific Islands Forum|Southeast Asia Treaty Organization|The Technical Cooperation Program|Treaty on the Non-Proliferation of Nuclear Weapons|UNESCO|United Nations|Universal Postal Union|Visa Waiver Program|World Customs Organization|World Health Organization|World Meteorological Organization|World Trade Organization	constitutional monarchy|federation|representative democracy	UTC+10:00
Austria	Europe		Austrian Sign Language|German	right	1	African Development Bank|Asian Development Bank|Australia Group|Council of Europe|Eurocontrol|European Free Trade Association|European Payments Union|European Southern Observatory|European Union|Group on Earth Observations|International Bank for Reconstruction and Development|International Centre for Migration Policy Development|International Centre for Settlement of Investment Disputes|International Development Association|International Energy Agency|International Energy Forum|International Finance Corporation|International Holocaust Remembrance Alliance|International Military Sports Council|International Telecommunication Union|Interpol|Missile Technology Control Regime|Movement Coordination Centre Europe|Multilateral Investment Guarantee Agency|Nuclear Suppliers Group|Organisation for the Prohibition of Chemical Weapons|Organization for Economic Cooperation and Development|Organization for Security and Co-operation in Europe|Schengen Area|Treaty on the Non-Proliferation of Nuclear Weapons|UNESCO|United Nations|Universal Postal Union|Visa Waiver Program|World Customs Organization|World Health Organization|World Meteorological Organization|World Trade Organization	federal parliamentary republic|republic|semi-presidential system	UTC+01:00
Azerbaijan	Asia	Azerbaijani manat	Azerbaijani|Azerbaijani Sign Language	right	0	United Nations	republic|semi-presidential system|unitary state	UTC+04:00
Bahrain	Asia	Bahraini dinar	Arabic	right	0	Arab Bank for Economic Development in Africa|Arab Fund for Economic and Social Development|Arab League|Arab Monetary Fund|Cooperation Council for the Arab States of the Persian Gulf|Group on Earth Observations|International Bank for Reconstruction and Development|International Centre for Settlement of Investment Disputes|International Civil Defence Organisation|International Finance Corporation|International Hydrographic Organization|International Telecommunication Union|Interpol|Multilateral Investment Guarantee Agency|Organisation for the Prohibition of Chemical Weapons|Organisation of Islamic Cooperation|Treaty on the Non-Proliferation of Nuclear Weapons|UNESCO|United Nations|Universal Postal Union|World Customs Organization|World Health Organization|World Meteorological Organization|World Trade Organization	constitutional monarchy	Asia/Bahrain|UTC+03:00
Bangladesh	Asia	Bangladeshi taka	Bangla	left	0	ASEAN Regional Forum|Asian Development Bank|Bay of Bengal Initiative for Multi-Sectoral Technical and Economic Cooperation|Commonwealth of Nations|Group on Earth Observations|International Bank for Reconstruction and Development|International Centre for Settlement of Investment Disputes|International Development Association|International Finance Corporation|International Hydrographic Organization|International Telecommunication Union|Interpol|Multilateral Investment Guarantee Agency|Organisation for the Prohibition of Chemical Weapons|Organisation of Islamic Cooperation|South Asian Association for Regional Cooperation|Treaty on the Non-Proliferation of Nuclear Weapons|UNESCO|United Nations|United Nations–African Union Hybrid Operation in Darfur|Universal Postal Union|World Customs Organization|World Health Organization|World Meteorological Organization|World Trade Organization	Westminster system|parliamentary republic	Asia/Dhaka|Bangladesh Standard Time|UTC+06:00
Belarus	Europe	Belarusian ruble	Belarusian|Russian	right	1	Collective Security Treaty Organization|Commonwealth of Independent States|Commonwealth of Independent States Free Trade Area|Eastern Partnership|Eurasian Economic Community|International Bank for Reconstruction and Development|International Centre for Settlement of Investment Disputes|International Civil Defence Organisation|International Finance Corporation|International Telecommunication Union|Interpol|Multilateral Investment Guarantee Agency|Non-Aligned Movement|Nuclear Suppliers Group|Organisation for the Prohibition of Chemical Weapons|Organization for Security and Co-operation in Europe|Treaty on Open Skies|Treaty on the Non-Proliferation of Nuclear Weapons|UNESCO|Union State|United Nations|Universal Postal Union|World Customs Organization|World Health Organization|World Meteorological Organization	presidential system|republic	Europe/Minsk|UTC+03:00
Belgium	Europe		Dutch|French|German	right	0	African Development Bank|Antarctic Treaty System|Asian Development Bank|Australia Group|Belgium–Luxembourg Economic Union|Benelux|Council of Europe|Dutch Language Union|Eurocontrol|European Air Transport Command|European Alliance|European Economic Area|European Payments Union|European Southern Observatory|European Space Agency|European Union|Global Biodiversity Information Facility|Group on Earth Observations|International Bank for Reconstruction and Development|International Centre for Settlement of Investment Disputes|International Development Association|International Energy Agency|International Finance Corporation|International Holocaust Remembrance Alliance|International Hydrographic Organization|International Telecommunication Union|Interpol|Missile Technology Control Regime|Movement Coordination Centre Europe|Multilateral Investment Guarantee Agency|NATO|Nuclear Suppliers Group|Organisation for Joint Armament Cooperation|Organisation for the Prohibition of Chemical Weapons|Organisation internationale de la Francophonie|Organization for Economic Cooperation and Development|Organization for Security and Co-operation in Europe|Schengen Area|Treaty on Open Skies|Treaty on the Non-Proliferation of Nuclear Weapons|UNESCO|United Earth|United Nations|Universal Postal Union|Visa Waiver Program|World Customs Organization|World Health Organization|World Meteorological Organization|World Trade Organization	federation	UTC+01:00|UTC+02:00
Belize	North America	Belize dollar	English	right	0	Agency for the Prohibition of Nuclear Weapons in Latin America and the Caribbean|Alliance of Small Island States|Association of Caribbean States|Caribbean Community|Caribbean Development Bank|Caribbean Disaster Emergency Management Agency|Commonwealth of Nations|Community of Latin American and Caribbean States|Group on Earth Observations|International Bank for Reconstruction and Development|International Development Association|International Finance Corporation|International Regional Organization for Agricultural Health|International Telecommunication Union|Interpol|Multilateral Investment Guarantee Agency|Organisation for the Prohibition of Chemical Weapons|Organisation of African, Caribbean and Pacific States|Organization of American States|Treaty on the Non-Proliferation of Nuclear Weapons|UNESCO|United Nations|Universal Postal Union|World Customs Organization|World Health Organization|World Meteorological Organization|World Trade Organization	constitutional monarchy|parliamentary monarchy	America/Belize|UTC−06:00
Benin	Africa	West African CFA franc	French	right	0	AFRISTAT|African Continental Free Trade Area|African Development Bank|African Union|Conseil de l'Entente|Economic Community of West African States|International Bank for Reconstruction and Development|International Centre for Settlement of Investment Disputes|International Civil Defence Organisation|International Development Association|International Finance Corporation|International Telecommunication Union|Interpol|Multilateral Investment Guarantee Agency|Multinational Joint Task Force|OHADA|Organisation for the Prohibition of Chemical Weapons|Organisation internationale de la Francophonie|Organisation of African, Caribbean and Pacific States|Organisation of Islamic Cooperation|Treaty on the Non-Proliferation of Nuclear Weapons|UNESCO|United Nations|Universal Postal Union|World Customs Organization|World Health Organization|World Meteorological Organization|World Trade Organization	republic	Africa/Porto-Novo|UTC+01:00
Bolivia	South America	boliviano	Aymara|Guarani|Quechua|Spanish	right	1	Agency for the Prohibition of Nuclear Weapons in Latin America and the Caribbean|Andean Community|International Bank for Reconstruction and Development|International Development Association|International Finance Corporation|International Telecommunication Union|Interpol|Multilateral Investment Guarantee Agency|Organisation for the Prohibition of Chemical Weapons|Organization of American States|Rio Group|Treaty on the Non-Proliferation of Nuclear Weapons|UNESCO|Union of South American Nations|United Nations|Universal Postal Union|World Customs Organization|World Health Organization|World Meteorological Organization|World Trade Organization	parliamentary republic|republic	America/La_Paz|UTC−04:00
Bosnia and Herzegovina	Europe	Bosnia and Herzegovina dinar|convertible mark	Bosnian|Croatian|Serbian	right	0	Council of Europe|Eurocontrol|International Bank for Reconstruction and Development|International Centre for Migration Policy Development|International Centre for Settlement of Investment Disputes|International Civil Defence Organisation|International Development Association|International Finance Corporation|International Telecommunication Union|Interpol|Multilateral Investment Guarantee Agency|Organisation for the Prohibition of Chemical Weapons|Organization for Security and Co-operation in Europe|Treaty on Open Skies|Treaty on the Non-Proliferation of Nuclear Weapons|UNESCO|United Nations|Universal Postal Union|World Customs Organization|World Health Organization|World Meteorological Organization	federal parliamentary republic	Central European Time|Europe/Sarajevo|UTC+01:00|UTC+02:00
Botswana	Africa	Botswana pula	English	left	1	African Continental Free Trade Area|African Development Bank|African Union|Commonwealth of Nations|International Bank for Reconstruction and Development|International Centre for Settlement of Investment Disputes|International Development Association|International Finance Corporation|International Telecommunication Union|Interpol|Multilateral Investment Guarantee Agency|Organisation for the Prohibition of Chemical Weapons|Organisation of African, Caribbean and Pacific States|Southern African Customs Union|Southern African Development Community|Treaty on the Non-Proliferation of Nuclear Weapons|UNESCO|United Nations|Universal Postal Union|World Customs Organization|World Health Organization|World Meteorological Organization|World Trade Organization	parliamentary republic	Africa/Gaborone|Central Africa Time|UTC+02:00
Brazil	South America	Brazilian real	Portuguese	right	0	ABC nations|African Development Bank|Agency for the Prohibition of Nuclear Weapons in Latin America and the Caribbean|Amazon Cooperation Treaty Organization|Andean Community|BRIC|BRICS|Cairns Group|Community of Latin American and Caribbean States|Community of Portuguese Language Countries|European Southern Observatory|Forum of East Asia–Latin America Cooperation|G20|G4 nations|G8+5|Group on Earth Observations|IBSA Dialogue Forum|Ibero-American Summit|International Bank for Reconstruction and Development|International Criminal Court|International Development Association|International Finance Corporation|International Telecommunication Union|Interpol|Latin American Integration Association|Latin American and Caribbean Parliament|Latin American and the Caribbean Economic System|Latin Union|Missile Technology Control Regime|Multilateral Investment Guarantee Agency|Nuclear Suppliers Group|Organisation for the Prohibition of Chemical Weapons|Organization of American States|Rio Group|South Atlantic Peace and Cooperation Zone|Summit of South American-Arab Countries|Summits of the Americas|UNESCO|Union of South American Nations|United Nations|Universal Postal Union|World Health Organization|World Meteorological Organization|World Trade Organization	federal republic|presidential system|representative democracy	UTC−02:00|UTC−03:00|UTC−04:00
Bulgaria	Europe		Bulgarian	right	0	Antarctic Treaty System|Australia Group|COMECON|Council of Europe|Eurocontrol|European Union|Group on Earth Observations|International Bank for Reconstruction and Development|International Centre for Migration Policy Development|International Centre for Settlement of Investment Disputes|International Finance Corporation|International Holocaust Remembrance Alliance|International Telecommunication Union|Interpol|Missile Technology Control Regime|Movement Coordination Centre Europe|Multilateral Investment Guarantee Agency|NATO|Nuclear Suppliers Group|Organisation for the Prohibition of Chemical Weapons|Organisation internationale de la Francophonie|Organization for Security and Co-operation in Europe|Organization of the Black Sea Economic Cooperation|Schengen Area|Strategic Airlift Capability|Treaty on Open Skies|Treaty on the Non-Proliferation of Nuclear Weapons|UNESCO|United Nations|Universal Postal Union|Warsaw Pact|World Customs Organization|World Health Organization|World Meteorological Organization|World Trade Organization	parliamentary republic	UTC+02:00
Burkina Faso	Africa	West African CFA franc	Bissa|Dioula|Mooré	right	1	AFRISTAT|African Continental Free Trade Area|African Development Bank|African Union|Conseil de l'Entente|Economic Community of West African States|Group on Earth Observations|International Bank for Reconstruction and Development|International Centre for Settlement of Investment Disputes|International Civil Defence Organisation|International Development Association|International Finance Corporation|International Telecommunication Union|Interpol|Multilateral Investment Guarantee Agency|OHADA|Organisation for the Prohibition of Chemical Weapons|Organisation internationale de la Francophonie|Organisation of African, Caribbean and Pacific States|Organisation of Islamic Cooperation|Treaty on the Non-Proliferation of Nuclear Weapons|UNESCO|United Nations|United Nations–African Union Hybrid Operation in Darfur|Universal Postal Union|World Customs Organization|World Health Organization|World Meteorological Organization|World Trade Organization	military junta|republic	Africa/Ouagadougou|UTC±00:00
Burundi	Africa	Burundian franc	English|French|Kirundi	right	1	AFRISTAT|African Continental Free Trade Area|African Development Bank|African Union|Economic Community of Central African States|International Bank for Reconstruction and Development|International Centre for Settlement of Investment Disputes|International Civil Defence Organisation|International Development Association|International Finance Corporation|International Telecommunication Union|Interpol|Multilateral Investment Guarantee Agency|Organisation for the Prohibition of Chemical Weapons|Organisation internationale de la Francophonie|Organisation of African, Caribbean and Pacific States|Treaty on the Non-Proliferation of Nuclear Weapons|UNESCO|United Nations|United Nations–African Union Hybrid Operation in Darfur|Universal Postal Union|World Customs Organization|World Health Organization|World Meteorological Organization|World Trade Organization	presidential system|representative democracy	Africa/Bujumbura|UTC+02:00
Cambodia	Asia	riel	Khmer	right	0	ASEAN|ASEAN Regional Forum|Asian Development Bank|Group on Earth Observations|International Bank for Reconstruction and Development|International Centre for Settlement of Investment Disputes|International Development Association|International Finance Corporation|International Telecommunication Union|Interpol|Multilateral Investment Guarantee Agency|Organisation for the Prohibition of Chemical Weapons|Organisation internationale de la Francophonie|Treaty on the Non-Proliferation of Nuclear Weapons|UNESCO|United Nations|United Nations–African Union Hybrid Operation in Darfur|Universal Postal Union|World Customs Organization|World Health Organization|World Meteorological Organization|World Trade Organization	constitutional monarchy	Asia/Phnom_Penh|UTC+07:00
Cameroon	Africa	Central African CFA franc	English|French	right	0	AFRISTAT|African Continental Free Trade Area|African Development Bank|African Union|Bank of Central African States|Commonwealth of Nations|Economic Community of Central African States|Economic and Monetary Community of Central Africa|Group on Earth Observations|Gulf of Guinea Commission|International Bank for Reconstruction and Development|International Centre for Settlement of Investment Disputes|International Civil Defence Organisation|International Development Association|International Finance Corporation|International Hydrographic Organization|International Telecommunication Union|Interpol|Lake Chad Basin Commission|Multilateral Investment Guarantee Agency|Multinational Joint Task Force|OHADA|Organisation for the Prohibition of Chemical Weapons|Organisation internationale de la Francophonie|Organisation of African, Caribbean and Pacific States|Organisation of Islamic Cooperation|Treaty on the Non-Proliferation of Nuclear Weapons|UNESCO|United Nations|United Nations–African Union Hybrid Operation in Darfur|Universal Postal Union|World Customs Organization|World Health Organization|World Meteorological Organization|World Trade Organization	republic	Africa/Douala|UTC+01:00|West Africa Time
Canada	North America	Canadian dollar	English|French	right	0	ABCANZ Armies|ASEAN Regional Forum|AUSCANNZUKUS|African Development Bank|Air Force Interoperability Council|Arctic Council|Asia-Pacific Economic Cooperation|Asian Development Bank|Australia Group|Caribbean Development Bank|Combined Communications-Electronics Board|Commonwealth of Nations|Five Eyes|G20|G7|G8|Group on Earth Observations|International Bank for Reconstruction and Development|International Centre for Settlement of Investment Disputes|International Development Association|International Energy Agency|International Finance Corporation|International Holocaust Remembrance Alliance|International Hydrographic Organization|International Telecommunication Union|Interpol|League of Nations|Missile Technology Control Regime|Movement Coordination Centre Europe|Multilateral Investment Guarantee Agency|NATO|North American Free Trade Agreement|Nuclear Suppliers Group|Organisation for the Prohibition of Chemical Weapons|Organisation internationale de la Francophonie|Organization for Economic Cooperation and Development|Organization for Security and Co-operation in Europe|Organization of American States|The Technical Cooperation Program|Treaty on Open Skies|Treaty on the Non-Proliferation of Nuclear Weapons|UNESCO|United Nations|Universal Postal Union|World Customs Organization|World Health Organization|World Meteorological Organization|World Trade Organization	constitutional monarchy|federation|parliamentary system	Atlantic Time Zone|Central Time Zone|Eastern Time Zone|Mountain Time Zone|Newfoundland Time Zone|UTC−04:00|UTC−06:00|UTC−07:00
Cape Verde	Africa	Cape Verdean escudo	Cape Verdean Creole|Portuguese	right	0	AFRISTAT|African Continental Free Trade Area|African Development Bank|African Union|Alliance of Small Island States|Community of Portuguese Language Countries|Economic Community of West African States|Food and Agriculture Organization of the United Nations|Group of 77|Intelsat|International Bank for Reconstruction and Development|International Centre for Settlement of Investment Disputes|International Civil Aviation Organization|International Development Association|International Finance Corporation|International Fund for Agricultural Development|International Maritime Organization|International Monetary Fund|International Telecommunication Union|Interpol|Multilateral Investment Guarantee Agency|Non-Aligned Movement|Organisation for the Prohibition of Chemical Weapons|Organisation internationale de la Francophonie|Organisation of African Unity|Organisation of African, Caribbean and Pacific States|Treaty on the Non-Proliferation of Nuclear Weapons|UN Trade and Development|UNESCO|United Nations|United Nations Economic Commission for Africa|United Nations Industrial Development Organization|Universal Postal Union|World Customs Organization|World Health Organization|World Meteorological Organization|World Trade Organization	parliamentary republic	Atlantic/Cape_Verde|Cape Verde Time|UTC−01:00
Central African Republic	Africa	Central African CFA franc	French|Sango	right	1	AFRISTAT|African Continental Free Trade Area|African Development Bank|African Union|Bank of Central African States|Economic Community of Central African States|Economic and Monetary Community of Central Africa|Group on Earth Observations|International Bank for Reconstruction and Development|International Centre for Settlement of Investment Disputes|International Civil Defence Organisation|International Development Association|International Finance Corporation|International Telecommunication Union|Interpol|Lake Chad Basin Commission|Multilateral Investment Guarantee Agency|OHADA|Organisation for the Prohibition of Chemical Weapons|Organisation internationale de la Francophonie|Organisation of African, Caribbean and Pacific States|Treaty on the Non-Proliferation of Nuclear Weapons|UNESCO|United Nations|Universal Postal Union|World Customs Organization|World Health Organization|World Meteorological Organization|World Trade Organization		Africa/Bangui|UTC+01:00
Chad	Africa	Central African CFA franc	Arabic|Bashkir|French|Russian	right	1	AFRISTAT|African Continental Free Trade Area|African Development Bank|African Union|Bank of Central African States|Economic Community of Central African States|Economic and Monetary Community of Central Africa|International Bank for Reconstruction and Development|International Centre for Settlement of Investment Disputes|International Civil Defence Organisation|International Development Association|International Finance Corporation|International Telecommunication Union|Interpol|Lake Chad Basin Commission|Multilateral Investment Guarantee Agency|Multinational Joint Task Force|OHADA|Organisation for the Prohibition of Chemical Weapons|Organisation internationale de la Francophonie|Organisation of African, Caribbean and Pacific States|Organisation of Islamic Cooperation|Treaty on the Non-Proliferation of Nuclear Weapons|UNESCO|United Nations|Universal Postal Union|World Customs Organization|World Health Organization|World Meteorological Organization|World Trade Organization		Africa/Ndjamena|UTC+01:00
Chile	South America	Chilean peso	Spanish	right	0	ABC nations|Agency for the Prohibition of Nuclear Weapons in Latin America and the Caribbean|Andean Community|Antarctic Treaty System|Asia-Pacific Economic Cooperation|Carbon Neutrality Coalition|Group on Earth Observations|International Bank for Reconstruction and Development|International Centre for Settlement of Investment Disputes|International Civil Defence Organisation|International Development Association|International Finance Corporation|International Hydrographic Organization|International Telecommunication Union|Interpol|Latin America|Multilateral Investment Guarantee Agency|Organisation for the Prohibition of Chemical Weapons|Organization for Economic Cooperation and Development|Organization of American States|Treaty on the Non-Proliferation of Nuclear Weapons|UNESCO|Union of South American Nations|United Nations|Universal Postal Union|Visa Waiver Program|World Customs Organization|World Health Organization|World Meteorological Organization|World Trade Organization	democratic republic	UTC−03:00|UTC−04:00|UTC−06:00
China	Asia	renminbi	Putonghua	right	0	ASEAN Regional Forum|African Development Bank|Antarctic Treaty System|Asia-Pacific Economic Cooperation|Asian Development Bank|BRIC|BRICS|Caribbean Development Bank|G20|Group on Earth Observations|International Bank for Reconstruction and Development|International Centre for Settlement of Investment Disputes|International Civil Defence Organisation|International Development Association|International Finance Corporation|International Hydrographic Organization|International Telecommunication Union|Interpol|Multilateral Investment Guarantee Agency|Nuclear Suppliers Group|Organisation for the Prohibition of Chemical Weapons|Shanghai Cooperation Organisation|Treaty on the Non-Proliferation of Nuclear Weapons|UNESCO|United Nations|United Nations Security Council|United Nations–African Union Hybrid Operation in Darfur|Universal Postal Union|World Customs Organization|World Health Organization|World Meteorological Organization|World Trade Organization|states with nuclear weapons	people's republic	Asia/Shanghai|Asia/Urumqi|China Standard Time|UTC+08:00
Colombia	South America	Colombian peso	Spanish	right	0	Agency for the Prohibition of Nuclear Weapons in Latin America and the Caribbean|Andean Community|Caribbean Development Bank|Central American Bank for Economic Integration|Community of Latin American and Caribbean States|Group on Earth Observations|International Bank for Reconstruction and Development|International Centre for Settlement of Investment Disputes|International Development Association|International Finance Corporation|International Hydrographic Organization|International Telecommunication Union|Interpol|Multilateral Investment Guarantee Agency|Organisation for the Prohibition of Chemical Weapons|Organization for Economic Cooperation and Development|Organization of American States|Treaty on the Non-Proliferation of Nuclear Weapons|UNESCO|Union of South American Nations|United Nations|Universal Postal Union|World Customs Organization|World Health Organization|World Meteorological Organization|World Trade Organization	republic	America/Bogota|Central European Time
Costa Rica	North America	Costa Rican colón	Spanish	right	0	Agency for the Prohibition of Nuclear Weapons in Latin America and the Caribbean|Central American Bank for Economic Integration|Central American Common Market|Group on Earth Observations|International Bank for Reconstruction and Development|International Centre for Settlement of Investment Disputes|International Development Association|International Finance Corporation|International Regional Organization for Agricultural Health|International Telecommunication Union|Interpol|Multilateral Investment Guarantee Agency|Organisation for the Prohibition of Chemical Weapons|Organization for Economic Cooperation and Development|Organization of American States|Treaty on the Non-Proliferation of Nuclear Weapons|UNESCO|United Nations|Universal Postal Union|World Customs Organization|World Health Organization|World Meteorological Organization|World Trade Organization		America/Costa_Rica|UTC−06:00
Croatia	Europe		Croatian	right	0	Australia Group|Council of Europe|Eurocontrol|European Union|Group on Earth Observations|International Bank for Reconstruction and Development|International Centre for Migration Policy Development|International Centre for Settlement of Investment Disputes|International Development Association|International Finance Corporation|International Holocaust Remembrance Alliance|International Hydrographic Organization|International Telecommunication Union|Interpol|Movement Coordination Centre Europe|Multilateral Investment Guarantee Agency|NATO|Nuclear Suppliers Group|Organisation for the Prohibition of Chemical Weapons|Organization for Security and Co-operation in Europe|Schengen Area|Treaty on Open Skies|Treaty on the Non-Proliferation of Nuclear Weapons|UNESCO|United Nations|Universal Postal Union|World Customs Organization|World Health Organization|World Meteorological Organization|World Trade Organization	republic	UTC+01:00
Cuba	North America	Cuban peso	Spanish	right	0	ALBA|Agency for the Prohibition of Nuclear Weapons in Latin America and the Caribbean|Alliance of Small Island States|COMECON|Community of Latin American and Caribbean States|International Civil Defence Organisation|International Hydrographic Organization|International Telecommunication Union|Interpol|Organisation for the Prohibition of Chemical Weapons|Organisation of African, Caribbean and Pacific States|Organization of American States|Treaty on the Non-Proliferation of Nuclear Weapons|UNESCO|United Nations|Universal Postal Union|World Customs Organization|World Health Organization|World Meteorological Organization|World Trade Organization	unitary state	America/Havana
Cyprus	Asia|Europe		Greek|Modern Greek|Turkish	left	0	Australia Group|Commonwealth of Nations|Council of Europe|Eurocontrol|European Union|Group on Earth Observations|International Bank for Reconstruction and Development|International Centre for Settlement of Investment Disputes|International Civil Defence Organisation|International Development Association|International Finance Corporation|International Hydrographic Organization|International Telecommunication Union|Interpol|Multilateral Investment Guarantee Agency|Nuclear Suppliers Group|Organisation for the Prohibition of Chemical Weapons|Organization for Security and Co-operation in Europe|Treaty on the Non-Proliferation of Nuclear Weapons|UNESCO|United Nations|Universal Postal Union|World Customs Organization|World Health Organization|World Meteorological Organization|World Trade Organization	presidential system|republic	UTC+02:00
Czech Republic	Europe	Czech koruna	Czech	right	1	Antarctic Treaty System|Australia Group|CERN|Council of Europe|Eurocontrol|European Bank for Reconstruction and Development|European Southern Observatory|European Space Agency|European Union|Group on Earth Observations|International Bank for Reconstruction and Development|International Centre for Migration Policy Development|International Centre for Settlement of Investment Disputes|International Development Association|International Energy Agency|International Finance Corporation|International Holocaust Remembrance Alliance|International Telecommunication Union|Interpol|Missile Technology Control Regime|Movement Coordination Centre Europe|Multilateral Investment Guarantee Agency|NATO|Nuclear Suppliers Group|Organisation for the Prohibition of Chemical Weapons|Organization for Economic Cooperation and Development|Organization for Security and Co-operation in Europe|Schengen Area|Treaty on Open Skies|UNESCO|United Nations|Universal Postal Union|Visa Waiver Program|Visegrád Group|World Customs Organization|World Health Organization|World Meteorological Organization|World Trade Organization	parliamentary republic	UTC+01:00
Democratic Republic of the Congo	Africa	Congolese franc	French	right	0	African Continental Free Trade Area|African Development Bank|African Union|Economic Community of Central African States|Gulf of Guinea Commission|International Bank for Reconstruction and Development|International Centre for Settlement of Investment Disputes|International Civil Defence Organisation|International Development Association|International Finance Corporation|International Hydrographic Organization|International Telecommunication Union|Interpol|Multilateral Investment Guarantee Agency|OHADA|Organisation for the Prohibition of Chemical Weapons|Organisation internationale de la Francophonie|Organisation of African, Caribbean and Pacific States|Southern African Development Community|Treaty on the Non-Proliferation of Nuclear Weapons|UNESCO|United Nations|Universal Postal Union|World Customs Organization|World Health Organization|World Meteorological Organization|World Trade Organization	republic	UTC+01:00|UTC+02:00
Denmark	Europe	Danish krone	Danish	right	0	African Development Bank|Arctic Council|Asian Development Bank|Australia Group|Carbon Neutrality Coalition|Council of Europe|Council of the Baltic Sea States|Eurocontrol|European Alliance|European Free Trade Association|European Payments Union|European Southern Observatory|European Space Agency|European Union|Group on Earth Observations|International Bank for Reconstruction and Development|International Centre for Settlement of Investment Disputes|International Development Association|International Finance Corporation|International Holocaust Remembrance Alliance|International Telecommunication Union|Interpol|Missile Technology Control Regime|Movement Coordination Centre Europe|Multilateral Investment Guarantee Agency|Nordic Council|Nuclear Suppliers Group|Organization for Security and Co-operation in Europe|Schengen Area|Treaty on Open Skies|Treaty on the Non-Proliferation of Nuclear Weapons|UNESCO|United Earth|Universal Postal Union|Visa Waiver Program|World Customs Organization|World Meteorological Organization|World Trade Organization	constitutional monarchy	UTC+01:00
Dominica	North America	Eastern Caribbean dollar	English	left	0	Agency for the Prohibition of Nuclear Weapons in Latin America and the Caribbean|Alliance of Small Island States|Caribbean Community|Caribbean Development Bank|Caribbean Disaster Emergency Management Agency|Commonwealth of Nations|International Bank for Reconstruction and Development|International Development Association|International Finance Corporation|International Telecommunication Union|Interpol|Multilateral Investment Guarantee Agency|Organisation for the Prohibition of Chemical Weapons|Organisation internationale de la Francophonie|Organisation of African, Caribbean and Pacific States|Organization of American States|Treaty on the Non-Proliferation of Nuclear Weapons|UNESCO|United Nations|Universal Postal Union|World Health Organization|World Meteorological Organization|World Trade Organization		America/Dominica|Atlantic Time Zone|UTC−04:00
Dominican Republic	North America	Dominican peso	Spanish	right	0	Agency for the Prohibition of Nuclear Weapons in Latin America and the Caribbean|Alliance of Small Island States|Caribbean Forum|Central American Bank for Economic Integration|International Bank for Reconstruction and Development|International Development Association|International Finance Corporation|International Hydrographic Organization|International Regional Organization for Agricultural Health|International Telecommunication Union|Interpol|Multilateral Investment Guarantee Agency|Organisation for the Prohibition of Chemical Weapons|Organisation of African, Caribbean and Pacific States|Organization of American States|Treaty on the Non-Proliferation of Nuclear Weapons|UNESCO|United Nations|Universal Postal Union|World Customs Organization|World Health Organization|World Meteorological Organization|World Trade Organization		America/Santo Domingo|UTC−04:00
Ecuador	South America	United States dollar	Northern Quichua|Shuar|Spanish	right	0	Agency for the Prohibition of Nuclear Weapons in Latin America and the Caribbean|Andean Community|Antarctic Treaty System|Group on Earth Observations|International Bank for Reconstruction and Development|International Development Association|International Finance Corporation|International Hydrographic Organization|International Telecommunication Union|Interpol|Multilateral Investment Guarantee Agency|Organisation for the Prohibition of Chemical Weapons|Organization of American States|Treaty on the Non-Proliferation of Nuclear Weapons|UNESCO|Union of South American Nations|United Nations|United Nations–African Union Hybrid Operation in Darfur|Universal Postal Union|World Customs Organization|World Health Organization|World Meteorological Organization|World Trade Organization	presidential system|republic	America/Guayaquil|Pacific/Galapagos|UTC−06:00
Egypt	Africa	Egyptian pound	Arabic	right	0	African Continental Free Trade Area|African Development Bank|African Union|Arab Bank for Economic Development in Africa|Arab Fund for Economic and Social Development|Arab League|Arab Monetary Fund|BRICS|Group on Earth Observations|International Bank for Reconstruction and Development|International Centre for Settlement of Investment Disputes|International Civil Defence Organisation|International Development Association|International Finance Corporation|International Hydrographic Organization|International Telecommunication Union|Interpol|Multilateral Investment Guarantee Agency|Organisation internationale de la Francophonie|Organisation of Islamic Cooperation|Treaty on the Non-Proliferation of Nuclear Weapons|UNESCO|United Nations|United Nations–African Union Hybrid Operation in Darfur|Universal Postal Union|World Customs Organization|World Health Organization|World Meteorological Organization|World Trade Organization	republic	Africa/Cairo|UTC+02:00|UTC+03:00
El Salvador	North America	Bitcoin|United States dollar	Spanish	right	0	Agency for the Prohibition of Nuclear Weapons in Latin America and the Caribbean|Central American Bank for Economic Integration|Central American Common Market|International Bank for Reconstruction and Development|International Centre for Settlement of Investment Disputes|International Civil Defence Organisation|International Development Association|International Finance Corporation|International Regional Organization for Agricultural Health|International Telecommunication Union|Interpol|Multilateral Investment Guarantee Agency|Organisation for the Prohibition of Chemical Weapons|Organization of American States|Treaty on the Non-Proliferation of Nuclear Weapons|UNESCO|United Nations|Universal Postal Union|World Customs Organization|World Health Organization|World Meteorological Organization|World Trade Organization	presidential system|representative democracy|republic	America/El_Salvador|UTC−06:00
Estonia	Europe		Estonian	right	0	Australia Group|Baltic Assembly|Council of Europe|Council of the Baltic Sea States|Eurocontrol|European Economic Area|European Union|Group on Earth Observations|International Atomic Energy Agency|International Bank for Reconstruction and Development|International Centre for Settlement of Investment Disputes|International Development Association|International Energy Agency|International Finance Corporation|International Holocaust Remembrance Alliance|International Hydrographic Organization|International Telecommunication Union|Interpol|League of Nations|Movement Coordination Centre Europe|Multilateral Investment Guarantee Agency|NATO|Nordic Battle Group|Nuclear Suppliers Group|Organisation for the Prohibition of Chemical Weapons|Organization for Economic Cooperation and Development|Organization for Security and Co-operation in Europe|Schengen Area|Strategic Airlift Capability|Treaty on Open Skies|Treaty on the Non-Proliferation of Nuclear Weapons|UNESCO|United Nations|Universal Postal Union|Visa Waiver Program|World Customs Organization|World Health Organization|World Meteorological Organization|World Trade Organization	parliamentary republic	UTC+02:00
Ethiopia	Africa	bir	Amharic	right	1	African Continental Free Trade Area|African Development Bank|African Union|BRICS|Carbon Neutrality Coalition|Group on Earth Observations|International Bank for Reconstruction and Development|International Development Association|International Finance Corporation|International Telecommunication Union|Interpol|Multilateral Investment Guarantee Agency|Organisation for the Prohibition of Chemical Weapons|Organisation of African, Caribbean and Pacific States|Treaty on the Non-Proliferation of Nuclear Weapons|UNESCO|United Nations|United Nations–African Union Hybrid Operation in Darfur|Universal Postal Union|World Customs Organization|World Health Organization|World Meteorological Organization	federal republic	Africa/Asmara|East Africa Time|UTC+03:00
Federated States of Micronesia	Oceania	United States dollar	English	right	0	Alliance of Small Island States|Asian Development Bank|International Bank for Reconstruction and Development|International Centre for Settlement of Investment Disputes|International Development Association|International Finance Corporation|International Telecommunication Union|Interpol|Multilateral Investment Guarantee Agency|Organisation for the Prohibition of Chemical Weapons|Organisation of African, Caribbean and Pacific States|Treaty on the Non-Proliferation of Nuclear Weapons|UNESCO|United Nations|World Health Organization	federal republic	UTC+10:00|UTC+11:00
Finland	Europe		Finnish|Swedish	right	0	African Development Bank|Antarctic Treaty System|Arctic Council|Asian Development Bank|Australia Group|Barents Euro-Arctic Council|Council of Europe|Council of the Baltic Sea States|Eurocontrol|European Free Trade Association|European Southern Observatory|European Space Agency|European Union|Group on Earth Observations|International Bank for Reconstruction and Development|International Centre for Settlement of Investment Disputes|International Development Association|International Energy Agency|International Finance Corporation|International Holocaust Remembrance Alliance|International Hydrographic Organization|International Telecommunication Union|Interpol|Missile Technology Control Regime|Movement Coordination Centre Europe|Multilateral Investment Guarantee Agency|NATO|Nordic Battle Group|Nordic Council|Nuclear Suppliers Group|Organisation for the Prohibition of Chemical Weapons|Organization for Economic Cooperation and Development|Organization for Security and Co-operation in Europe|Partnership for Peace|Schengen Area|Strategic Airlift Capability|Treaty on Open Skies|Treaty on the Non-Proliferation of Nuclear Weapons|UNESCO|United Nations|Universal Postal Union|Visa Waiver Program|World Customs Organization|World Health Organization|World Meteorological Organization|World Trade Organization	parliamentary republic	UTC+02:00
France	Europe	CFP Franc	French	right	0	African Development Bank|Antarctic Treaty System|Asian Development Bank|Australia Group|CERN|Council of Europe|Eurocontrol|European Air Transport Command|European Alliance|European Coal and Steel Community|European Economic Community|European Payments Union|European Southern Observatory|European Space Agency|European Union|G20|G7|G8|Group on Earth Observations|International Bank for Reconstruction and Development|International Centre for Settlement of Investment Disputes|International Civil Defence Organisation|International Development Association|International Energy Agency|International Finance Corporation|International Holocaust Remembrance Alliance|International Hydrographic Organization|International Telecommunication Union|Interpol|League of Nations|Missile Technology Control Regime|Movement Coordination Centre Europe|Multilateral Investment Guarantee Agency|NATO|Nuclear Suppliers Group|Open Government Partnership|Organisation for Joint Armament Cooperation|Organisation for the Prohibition of Chemical Weapons|Organisation internationale de la Francophonie|Organization for Economic Cooperation and Development|Organization for Security and Co-operation in Europe|Schengen Area|Southeast Asia Treaty Organization|Treaty on Open Skies|Treaty on the Non-Proliferation of Nuclear Weapons|UNESCO|United Earth|United Nations|United Nations Security Council|Universal Postal Union|Visa Waiver Program|World Customs Organization|World Health Organization|World Meteorological Organization|World Trade Organization|states with nuclear weapons	semi-presidential system	UTC+01:00
Gabon	Africa	Central African CFA franc	French	right	0	AFRISTAT|African Continental Free Trade Area|African Development Bank|African Union|Bank of Central African States|Commonwealth of Nations|Economic Community of Central African States|Economic and Monetary Community of Central Africa|Group on Earth Observations|Gulf of Guinea Commission|International Bank for Reconstruction and Development|International Centre for Settlement of Investment Disputes|International Civil Defence Organisation|International Development Association|International Finance Corporation|International Telecommunication Union|Interpol|Multilateral Investment Guarantee Agency|OHADA|Organisation for the Prohibition of Chemical Weapons|Organisation internationale de la Francophonie|Organisation of African, Caribbean and Pacific States|Organisation of Islamic Cooperation|Organization of the Petroleum Exporting Countries|Treaty on the Non-Proliferation of Nuclear Weapons|UNESCO|United Nations|United Nations Security Council|Universal Postal Union|World Customs Organization|World Health Organization|World Meteorological Organization|World Trade Organization	republic	Africa/Libreville|UTC+01:00|West Africa Time
Georgia	Europe|North America	Georgian lari	English|Georgian	right	0	Collective Security Treaty Organization|Commonwealth of Independent States|Council of Europe|Eurocontrol|European Civil Aviation Conference|European Common Aviation Area|European Convention on Human Rights|GUAM Organization for Democracy and Economic Development|Group on Earth Observations|International Bank for Reconstruction and Development|International Civil Defence Organisation|International Development Association|International Finance Corporation|International Hydrographic Organization|International Telecommunication Union|Interpol|Organization for Security and Co-operation in Europe|Organization of the Black Sea Economic Cooperation|Treaty on Open Skies|Treaty on the Non-Proliferation of Nuclear Weapons|UN Tourism|UNESCO|United Nations|Universal Postal Union|World Customs Organization|World Health Organization|World Intellectual Property Organization|World Trade Organization|potential enlargement of the European Union	parliamentary republic|presidential system|semi-presidential system|unitary state	America/New_York|Eastern Time Zone|UTC+04:00
Germany	Europe		German	right	0	African Development Bank|Antarctic Treaty System|Asian Development Bank|Australia Group|Berne Convention for the Protection of Literary and Artistic Works|Caribbean Development Bank|Comprehensive Nuclear-Test-Ban Treaty Organization|Convention on the Rights of Persons with Disabilities|Council of Europe|Council of the Baltic Sea States|Economic, Monetary and Social Union|Eurocontrol|European Air Transport Command|European Alliance|European Atomic Energy Community|European Coal and Steel Community|European Convention on Human Rights|European Economic Area|European Payments Union|European Southern Observatory|European Space Agency|European Union|Food and Agriculture Organization of the United Nations|G20|G4 nations|G7|G8|General Agreement on Tariffs and Trade|Group on Earth Observations|IT Planning Council|International Atomic Energy Agency|International Bank for Reconstruction and Development|International Centre for Migration Policy Development|International Centre for Settlement of Investment Disputes|International Civil Aviation Organization|International Commission for the Protection of the Danube River|International Commission for the Protection of the Rhine|International Development Association|International Energy Agency|International Finance Corporation|International Fund for Agricultural Development|International Holocaust Remembrance Alliance|International Hydrographic Organization|International Labour Organization|International Maritime Organization|International Military Sports Council|International Monetary Fund|International Telecommunication Union|Interpol|Missile Technology Control Regime|Movement Coordination Centre Europe|Multilateral Investment Guarantee Agency|NATO|Nuclear Suppliers Group|Organisation for Joint Armament Cooperation|Organisation for the Prohibition of Chemical Weapons|Organization for Economic Cooperation and Development|Organization for Security and Co-operation in Europe|Paris Charter|Schengen Area|Treaty on Open Skies|Treaty on the Non-Proliferation of Nuclear Weapons|UN Tourism|UNESCO|United Earth|United Nations|United Nations Convention to Combat Desertification|United Nations Framework Convention on Climate Change|United Nations Industrial Development Organization|United Nations–African Union Hybrid Operation in Darfur|Universal Postal Union|Visa Waiver Program|Weimar Triangle|Western European Union|World Bank|World Customs Organization|World Health Organization|World Intellectual Property Organization|World Meteorological Organization|World Trade Organization|eurozone	parliamentary republic	UTC+01:00|UTC+02:00
Ghana	Africa	Ghana cedi	English	right	0	African Continental Free Trade Area|African Development Bank|African Union|Commonwealth of Nations|Economic Community of West African States|Group on Earth Observations|International Bank for Reconstruction and Development|International Centre for Settlement of Investment Disputes|International Civil Defence Organisation|International Development Association|International Finance Corporation|International Telecommunication Union|Interpol|Multilateral Investment Guarantee Agency|Organisation for the Prohibition of Chemical Weapons|Organisation of African, Caribbean and Pacific States|Treaty on the Non-Proliferation of Nuclear Weapons|UNESCO|United Nations|United Nations–African Union Hybrid Operation in Darfur|Universal Postal Union|World Customs Organization|World Health Organization|World Meteorological Organization|World Trade Organization	democracy	Africa/Accra|UTC+03:00|UTC±00:00
Greece	Europe		Greek	right	0	Australia Group|Council of Europe|Eurocontrol|European Alliance|European Economic Area|European Payments Union|European Space Agency|European Union|Group on Earth Observations|International Bank for Reconstruction and Development|International Centre for Migration Policy Development|International Centre for Settlement of Investment Disputes|International Development Association|International Energy Agency|International Finance Corporation|International Holocaust Remembrance Alliance|International Hydrographic Organization|International Telecommunication Union|Interpol|Missile Technology Control Regime|Multilateral Investment Guarantee Agency|NATO|Nuclear Suppliers Group|Organisation for the Prohibition of Chemical Weapons|Organisation internationale de la Francophonie|Organization for Economic Cooperation and Development|Organization for Security and Co-operation in Europe|Organization of the Black Sea Economic Cooperation|Schengen Area|Treaty on Open Skies|Treaty on the Non-Proliferation of Nuclear Weapons|UNESCO|United Earth|United Nations|Universal Postal Union|Visa Waiver Program|World Customs Organization|World Health Organization|World Meteorological Organization|World Trade Organization	parliamentary republic	UTC+02:00
Greenland	North America	Danish krone	Greenlandic	right	0	Inuit Circumpolar Council|Nordic Council|Overseas Countries and Territories Association|West Nordic Council	parliamentary monarchy	UTC±00:00|UTC−01:00|UTC−02:00|UTC−03:00|UTC−04:00
Guatemala	North America	quetzal	Spanish	right	0	Agency for the Prohibition of Nuclear Weapons in Latin America and the Caribbean|Central American Bank for Economic Integration|Central American Common Market|International Bank for Reconstruction and Development|International Centre for Settlement of Investment Disputes|International Development Association|International Finance Corporation|International Hydrographic Organization|International Regional Organization for Agricultural Health|International Telecommunication Union|Interpol|Multilateral Investment Guarantee Agency|Organisation for the Prohibition of Chemical Weapons|Organization of American States|Treaty on the Non-Proliferation of Nuclear Weapons|UNESCO|United Nations|Universal Postal Union|World Customs Organization|World Health Organization|World Meteorological Organization|World Trade Organization	presidential system|representative democracy	America/Guatemala|UTC−06:00
Guinea	Africa	Guinean franc	French|languages of Guinea	right	0	AFRISTAT|African Continental Free Trade Area|African Development Bank|African Union|Economic Community of West African States|Group on Earth Observations|International Bank for Reconstruction and Development|International Centre for Settlement of Investment Disputes|International Civil Defence Organisation|International Development Association|International Finance Corporation|International Telecommunication Union|Interpol|Mano River Union|Multilateral Investment Guarantee Agency|OHADA|Organisation for the Prohibition of Chemical Weapons|Organisation internationale de la Francophonie|Organisation of African, Caribbean and Pacific States|Organisation of Islamic Cooperation|Treaty on the Non-Proliferation of Nuclear Weapons|UNESCO|United Nations|Universal Postal Union|World Customs Organization|World Health Organization|World Meteorological Organization|World Trade Organization	republic	Africa/Conakry|UTC+01:00|UTC±00:00
Haiti	North America	gourde	French|Haitian Creole	right	0	Agency for the Prohibition of Nuclear Weapons in Latin America and the Caribbean|Alliance of Small Island States|Caribbean Community|Caribbean Development Bank|Caribbean Disaster Emergency Management Agency|International Bank for Reconstruction and Development|International Centre for Settlement of Investment Disputes|International Civil Defence Organisation|International Development Association|International Finance Corporation|International Telecommunication Union|Interpol|Multilateral Investment Guarantee Agency|Organisation for the Prohibition of Chemical Weapons|Organisation internationale de la Francophonie|Organisation of African, Caribbean and Pacific States|Organization of American States|Treaty on the Non-Proliferation of Nuclear Weapons|UNESCO|United Nations|Universal Postal Union|World Customs Organization|World Health Organization|World Meteorological Organization|World Trade Organization		America/Port-au-Prince
Honduras	North America	Honduran lempira	Spanish	right	0	Agency for the Prohibition of Nuclear Weapons in Latin America and the Caribbean|Central American Bank for Economic Integration|Central American Common Market|Group on Earth Observations|International Bank for Reconstruction and Development|International Centre for Settlement of Investment Disputes|International Development Association|International Finance Corporation|International Regional Organization for Agricultural Health|International Telecommunication Union|Interpol|Multilateral Investment Guarantee Agency|Organisation for the Prohibition of Chemical Weapons|Organization of American States|Treaty on the Non-Proliferation of Nuclear Weapons|UNESCO|United Nations|Universal Postal Union|World Customs Organization|World Health Organization|World Meteorological Organization|World Trade Organization	republic	America/Tegucigalpa|UTC−06:00
Hungary	Europe	forint	Hungarian	right	1	Australia Group|COMECON|Council of Europe|Eurocontrol|European Economic Area|European Union|Group on Earth Observations|International Bank for Reconstruction and Development|International Centre for Migration Policy Development|International Centre for Settlement of Investment Disputes|International Development Association|International Energy Agency|International Finance Corporation|International Holocaust Remembrance Alliance|International Telecommunication Union|Interpol|Missile Technology Control Regime|Movement Coordination Centre Europe|Multilateral Investment Guarantee Agency|NATO|Nuclear Suppliers Group|Organisation for the Prohibition of Chemical Weapons|Organization for Economic Cooperation and Development|Organization for Security and Co-operation in Europe|Organization of Turkic States|Schengen Area|Strategic Airlift Capability|Treaty on Open Skies|Treaty on the Non-Proliferation of Nuclear Weapons|UNESCO|United Nations|Universal Postal Union|Visa Waiver Program|Visegrád Group|Warsaw Pact|World Customs Organization|World Health Organization|World Meteorological Organization|World Trade Organization	parliamentary republic	UTC+01:00
Iceland	Europe	Icelandic króna	Icelandic	right	0	Arctic Council|Australia Group|Barents Euro-Arctic Council|Council of Europe|Council of the Baltic Sea States|European Alliance|European Economic Area|European Free Trade Association|European Payments Union|Group on Earth Observations|International Bank for Reconstruction and Development|International Centre for Settlement of Investment Disputes|International Development Association|International Finance Corporation|International Hydrographic Organization|International Telecommunication Union|Interpol|Missile Technology Control Regime|Multilateral Investment Guarantee Agency|NATO|Nordic Council|Nuclear Suppliers Group|Organisation for the Prohibition of Chemical Weapons|Organization for Economic Cooperation and Development|Organization for Security and Co-operation in Europe|Schengen Area|Treaty on Open Skies|Treaty on the Non-Proliferation of Nuclear Weapons|UNESCO|United Earth|United Nations|Universal Postal Union|Visa Waiver Program|World Customs Organization|World Health Organization|World Meteorological Organization|World Trade Organization	parliamentary republic	UTC±00:00|Western European Time
India	Asia	Indian rupee	English|Hindi	left	0	ASEAN Regional Forum|African Development Bank|Antarctic Treaty System|Asian Development Bank|BRICS|Bay of Bengal Initiative for Multi-Sectoral Technical and Economic Cooperation|Commonwealth of Nations|G20|Group on Earth Observations|International Bank for Reconstruction and Development|International Development Association|International Finance Corporation|International Hydrographic Organization|International Telecommunication Union|Interpol|Missile Technology Control Regime|Multilateral Investment Guarantee Agency|Organisation for the Prohibition of Chemical Weapons|Shanghai Cooperation Organisation|South Asian Association for Regional Cooperation|UNESCO|United Nations|Universal Postal Union|World Health Organization|World Meteorological Organization|World Trade Organization|states with nuclear weapons	constitutional republic|democratic republic|federal republic|republic	
Indonesia	Asia	rupiah	Indonesian	left	0	ASEAN|ASEAN Regional Forum|Asia-Pacific Economic Cooperation|Asian Development Bank|BRICS|G20|Group on Earth Observations|International Bank for Reconstruction and Development|International Centre for Settlement of Investment Disputes|International Civil Defence Organisation|International Development Association|International Finance Corporation|International Hydrographic Organization|International Telecommunication Union|Interpol|Islamic World Educational, Scientific and Cultural Organization|Multilateral Investment Guarantee Agency|Organisation for the Prohibition of Chemical Weapons|Organisation of Islamic Cooperation|Organization of the Petroleum Exporting Countries|Treaty on the Non-Proliferation of Nuclear Weapons|UNESCO|United Nations|United Nations–African Union Hybrid Operation in Darfur|Universal Postal Union|World Customs Organization|World Health Organization|World Meteorological Organization|World Trade Organization	presidential system|republic	Asia/Jakarta|Asia/Jayapura|Asia/Makassar|Asia/Pontianak|Indonesia Central Standard Time|Indonesia Eastern Standard Time|Indonesia Western Standard Time
Iran	Asia	Iranian rial	Persian	right	0	BRICS|Group on Earth Observations|International Bank for Reconstruction and Development|International Development Association|International Finance Corporation|International Hydrographic Organization|International Telecommunication Union|Interpol|Multilateral Investment Guarantee Agency|Non-Aligned Movement|Organisation for the Prohibition of Chemical Weapons|Organisation of Islamic Cooperation|Organization of the Petroleum Exporting Countries|Treaty on the Non-Proliferation of Nuclear Weapons|UNESCO|United Nations|United Nations–African Union Hybrid Operation in Darfur|Universal Postal Union|World Customs Organization|World Health Organization	Islamic Republic|islamic theocracy|presidential system|unitary state	Asia/Tehran|Iran Standard Time Zone|UTC+03:30
Iraq	Asia	Iraqi dinar	Arabic|Kurdish language	right	0	Arab Bank for Economic Development in Africa|Arab Fund for Economic and Social Development|Arab League|Arab Monetary Fund|International Bank for Reconstruction and Development|International Civil Defence Organisation|International Development Association|International Finance Corporation|International Telecommunication Union|Interpol|Multilateral Investment Guarantee Agency|Organisation for the Prohibition of Chemical Weapons|Organisation of Islamic Cooperation|Organization of the Petroleum Exporting Countries|Treaty on the Non-Proliferation of Nuclear Weapons|UNESCO|United Nations|Universal Postal Union|World Customs Organization|World Health Organization|World Meteorological Organization	federal republic|federation	Asia/Baghdad|UTC+03:00
Ireland	Europe		English|Irish	left	0	African Development Bank|Asian Development Bank|Australia Group|Council of Europe|Eurocontrol|European Economic Community|European Space Agency|European Union|Group on Earth Observations|International Bank for Reconstruction and Development|International Centre for Settlement of Investment Disputes|International Development Association|International Energy Agency|International Finance Corporation|International Holocaust Remembrance Alliance|International Hydrographic Organization|International Telecommunication Union|Interpol|Missile Technology Control Regime|Multilateral Investment Guarantee Agency|Nordic Battle Group|Nuclear Suppliers Group|Organisation for the Prohibition of Chemical Weapons|Organization for Economic Cooperation and Development|Organization for Security and Co-operation in Europe|Treaty on the Non-Proliferation of Nuclear Weapons|UNESCO|United Nations|Universal Postal Union|Visa Waiver Program|World Customs Organization|World Health Organization|World Meteorological Organization|World Trade Organization	republic|unitary state	Greenwich Mean Time|UTC±00:00
Israel	Asia	new shekel	Hebrew	right	0	Israel & Rodolffo|United Nations	parliamentary republic|unitary state	Asia/Jerusalem|Israel Standard Time|Israel Summer Time|UTC+02:00|UTC+03:00
Italy	Europe		Italian	right	0	African Development Bank|Antarctic Treaty System|Asian Development Bank|Australia Group|Bank for International Settlements|CERN|Caribbean Development Bank|Council of Europe|Euro-Atlantic Partnership Council|Eurocontrol|European Air Transport Command|European Bank for Reconstruction and Development|European Coal and Steel Community|European Economic Community|European Payments Union|European Southern Observatory|European Space Agency|European Union|Food and Agriculture Organization of the United Nations|G20|G7|G8|Group of Ten|Group on Earth Observations|Inter-American Development Bank|International Atomic Energy Agency|International Bank for Reconstruction and Development|International Centre for Settlement of Investment Disputes|International Chamber of Commerce|International Civil Aviation Organization|International Criminal Court|International Development Association|International Energy Agency|International Finance Corporation|International Fund for Agricultural Development|International Holocaust Remembrance Alliance|International Hydrographic Organization|International Labour Organization|International Maritime Organization|International Mobile Satellite Organization|International Monetary Fund|International Organization for Migration|International Red Cross and Red Crescent Movement|International Telecommunication Union|Interparliamentary Union|Interpol|Latin Union|Missile Technology Control Regime|Movement Coordination Centre Europe|Multilateral Investment Guarantee Agency|NATO|Nuclear Suppliers Group|Office of the United Nations High Commissioner for Refugees|Organisation for Joint Armament Cooperation|Organisation for the Prohibition of Chemical Weapons|Organization for Economic Cooperation and Development|Organization for Security and Co-operation in Europe|Permanent Court of Arbitration|Procurement G6|Schengen Area|Treaty on Open Skies|Treaty on the Non-Proliferation of Nuclear Weapons|UN Tourism|UN Trade and Development|UNESCO|Union for the Mediterranean|United Nations|United Nations Industrial Development Organization|United Nations Truce Supervision Organization|Universal Postal Union|Visa Waiver Program|Western European Union|World Customs Organization|World Health Organization|World Intellectual Property Organization|World Meteorological Organization|World Trade Organization	parliamentary republic	Europe/Rome
Ivory Coast	Africa	West African CFA franc	French	right	0	AFRISTAT|African Continental Free Trade Area|African Development Bank|African Union|Conseil de l'Entente|Economic Community of West African States|Group on Earth Observations|International Bank for Reconstruction and Development|International Centre for Settlement of Investment Disputes|International Civil Defence Organisation|International Development Association|International Finance Corporation|International Telecommunication Union|Interpol|Mano River Union|Multilateral Investment Guarantee Agency|OHADA|Organisation for the Prohibition of Chemical Weapons|Organisation internationale de la Francophonie|Organisation of African, Caribbean and Pacific States|Organisation of Islamic Cooperation|Treaty on the Non-Proliferation of Nuclear Weapons|UNESCO|United Nations|Universal Postal Union|World Customs Organization|World Health Organization|World Meteorological Organization|World Trade Organization	republic	Africa/Abidjan|UTC±00:00
Jamaica	North America	Jamaican dollar	English|Jamaican Patois	left	0	Agency for the Prohibition of Nuclear Weapons in Latin America and the Caribbean|Alliance of Small Island States|Caribbean Community|Caribbean Development Bank|Caribbean Disaster Emergency Management Agency|Commonwealth of Nations|International Bank for Reconstruction and Development|International Centre for Settlement of Investment Disputes|International Finance Corporation|International Hydrographic Organization|International Telecommunication Union|Interpol|Multilateral Investment Guarantee Agency|Organisation for the Prohibition of Chemical Weapons|Organisation of African, Caribbean and Pacific States|Organization of American States|Treaty on the Non-Proliferation of Nuclear Weapons|UNESCO|United Nations|United Nations–African Union Hybrid Operation in Darfur|Universal Postal Union|World Customs Organization|World Health Organization|World Meteorological Organization|World Trade Organization		America/Jamaica
Japan	Asia	yen	Japanese	left	0	ASEAN Regional Forum|African Development Bank|Antarctic Treaty System|Asia-Pacific Economic Cooperation|Asian Development Bank|Australia Group|G20|G7|G8|Group on Earth Observations|International Bank for Reconstruction and Development|International Centre for Settlement of Investment Disputes|International Development Association|International Energy Agency|International Finance Corporation|International Hydrographic Organization|International Telecommunication Union|Interpol|League of Nations|Missile Technology Control Regime|Multilateral Investment Guarantee Agency|Nuclear Suppliers Group|Organisation for the Prohibition of Chemical Weapons|Organization for Economic Cooperation and Development|Treaty on the Non-Proliferation of Nuclear Weapons|UNESCO|United Nations|Universal Postal Union|Visa Waiver Program|World Customs Organization|World Health Organization|World Meteorological Organization|World Trade Organization	constitutional monarchy	Asia/Tokyo|Japan Standard Time|UTC+09:00
Jordan	Asia	Jordanian dinar	Arabic	right	0	Arab Bank for Economic Development in Africa|Arab Fund for Economic and Social Development|Arab League|Arab Monetary Fund|International Bank for Reconstruction and Development|International Centre for Settlement of Investment Disputes|International Civil Defence Organisation|International Development Association|International Finance Corporation|International Telecommunication Union|Interpol|Multilateral Investment Guarantee Agency|Organisation for the Prohibition of Chemical Weapons|Organisation of Islamic Cooperation|Treaty on the Non-Proliferation of Nuclear Weapons|UNESCO|United Nations|United Nations–African Union Hybrid Operation in Darfur|Universal Postal Union|Washington Liberation Front|World Customs Organization|World Health Organization|World Meteorological Organization|World Trade Organization		Asia/Amman|UTC+02:00|UTC+03:00
Kazakhstan	Asia|Europe	Kazakhstani tenge	Kazakh|Russian	right	1	Asian Development Bank|Central Asian Cooperation Organization|Collective Security Treaty Organization|Commonwealth of Independent States|Commonwealth of Independent States Free Trade Area|Group on Earth Observations|International Bank for Reconstruction and Development|International Centre for Settlement of Investment Disputes|International Civil Defence Organisation|International Development Association|International Finance Corporation|International Telecommunication Union|Interpol|Multilateral Investment Guarantee Agency|Nuclear Suppliers Group|Organisation for the Prohibition of Chemical Weapons|Organisation of Islamic Cooperation|Organization for Security and Co-operation in Europe|Organization of Turkic States|Shanghai Cooperation Organisation|Treaty on the Non-Proliferation of Nuclear Weapons|UNESCO|United Nations|Universal Postal Union|World Customs Organization|World Health Organization|World Meteorological Organization	presidential system	UTC+05:00
Kenya	Africa	Kenyan shilling	English|Swahili	left	0	African Continental Free Trade Area|African Development Bank|African Union|Commonwealth of Nations|Group on Earth Observations|International Bank for Reconstruction and Development|International Centre for Settlement of Investment Disputes|International Development Association|International Finance Corporation|International Telecommunication Union|Interpol|Multilateral Investment Guarantee Agency|Organisation for the Prohibition of Chemical Weapons|Organisation of African, Caribbean and Pacific States|Treaty on the Non-Proliferation of Nuclear Weapons|UNESCO|United Nations|United Nations–African Union Hybrid Operation in Darfur|Universal Postal Union|World Customs Organization|World Health Organization|World Meteorological Organization|World Trade Organization		Africa/Nairobi|UTC+03:00
Kiribati	Insular Oceania|Oceania	Australian dollar|Kiribati dollar	English|Gilbertese	left	0	Alliance of Small Island States|Asian Development Bank|Commonwealth of Nations|International Bank for Reconstruction and Development|International Development Association|International Finance Corporation|International Telecommunication Union|Interpol|Organisation for the Prohibition of Chemical Weapons|Organisation of African, Caribbean and Pacific States|Treaty on the Non-Proliferation of Nuclear Weapons|UNESCO|United Nations|Universal Postal Union|World Health Organization|World Meteorological Organization		Pacific/Kanton|Pacific/Kiritimati|Pacific/Tarawa|UTC+12:00|UTC+13:00|UTC+14:00
Kyrgyzstan	Asia	Kyrgyz som	Kyrgyz	right	1	Asian Development Bank|Central Asian Cooperation Organization|Collective Security Treaty Organization|Commonwealth of Independent States|Commonwealth of Independent States Free Trade Area|International Bank for Reconstruction and Development|International Civil Defence Organisation|International Development Association|International Finance Corporation|International Telecommunication Union|Interpol|Multilateral Investment Guarantee Agency|Organisation for the Prohibition of Chemical Weapons|Organisation of Islamic Cooperation|Organization for Security and Co-operation in Europe|Organization of Turkic States|Shanghai Cooperation Organisation|Treaty on Open Skies|Treaty on the Non-Proliferation of Nuclear Weapons|UNESCO|United Nations|United Nations–African Union Hybrid Operation in Darfur|Universal Postal Union|World Customs Organization|World Health Organization|World Meteorological Organization|World Trade Organization	parliamentary republic	UTC+06:00
Laos	Asia	Lao kip	Lao	right	1	ASEAN|ASEAN Regional Forum|Asian Development Bank|International Bank for Reconstruction and Development|International Development Association|International Finance Corporation|Interpol|Multilateral Investment Guarantee Agency|Organisation for the Prohibition of Chemical Weapons|Organisation internationale de la Francophonie|Treaty on the Non-Proliferation of Nuclear Weapons|UNESCO|United Nations|World Customs Organization|World Health Organization|World Meteorological Organization	communist dictatorship|people's republic	Asia/Vientiane|UTC+07:00
Latvia	Europe		Latvian	right	0	Australia Group|Baltic Assembly|Council of Europe|Council of the Baltic Sea States|Eurocontrol|European Union|Group on Earth Observations|International Bank for Reconstruction and Development|International Centre for Settlement of Investment Disputes|International Development Association|International Finance Corporation|International Holocaust Remembrance Alliance|International Hydrographic Organization|International Telecommunication Union|Interpol|Movement Coordination Centre Europe|Multilateral Investment Guarantee Agency|NATO|Nordic Battle Group|Nuclear Suppliers Group|Organisation for the Prohibition of Chemical Weapons|Organization for Economic Cooperation and Development|Organization for Security and Co-operation in Europe|Schengen Area|Treaty on Open Skies|Treaty on the Non-Proliferation of Nuclear Weapons|UNESCO|United Nations|Universal Postal Union|Visa Waiver Program|World Customs Organization|World Health Organization|World Meteorological Organization|World Trade Organization	parliamentary republic|republic	UTC+02:00|UTC+03:00
Lebanon	Asia	Lebanese pound	Arabic	right	0	Arab Bank for Economic Development in Africa|Arab Fund for Economic and Social Development|Arab League|Arab Monetary Fund|GovAI Coalition|International Bank for Reconstruction and Development|International Centre for Settlement of Investment Disputes|International Civil Defence Organisation|International Development Association|International Finance Corporation|International Telecommunication Union|Interpol|Multilateral Investment Guarantee Agency|Organisation for the Prohibition of Chemical Weapons|Organisation internationale de la Francophonie|Organisation of Islamic Cooperation|Treaty on the Non-Proliferation of Nuclear Weapons|UNESCO|United Nations|Universal Postal Union|World Customs Organization|World Health Organization|World Meteorological Organization	parliamentary republic	Asia/Beirut|Eastern European Summer Time|Eastern European Time|UTC+02:00|UTC+03:00
Lesotho	Africa	loti|rand	English|Sesotho	left	1	African Continental Free Trade Area|African Development Bank|African Union|Commonwealth of Nations|International Bank for Reconstruction and Development|International Centre for Settlement of Investment Disputes|International Civil Defence Organisation|International Development Association|International Finance Corporation|International Telecommunication Union|Interpol|Multilateral Investment Guarantee Agency|Organisation for the Prohibition of Chemical Weapons|Organisation of African, Caribbean and Pacific States|Southern African Customs Union|Southern African Development Community|Treaty on the Non-Proliferation of Nuclear Weapons|UNESCO|United Nations|United Nations–African Union Hybrid Operation in Darfur|Universal Postal Union|World Customs Organization|World Health Organization|World Meteorological Organization|World Trade Organization	constitutional monarchy	Africa/Maseru|UTC+02:00
Libya	Africa	Libyan dinar	Arabic	right	0	African Continental Free Trade Area|African Development Bank|African Union|Arab Bank for Economic Development in Africa|Arab Fund for Economic and Social Development|Arab League|Arab Maghreb Union|Arab Monetary Fund|International Bank for Reconstruction and Development|International Civil Defence Organisation|International Development Association|International Finance Corporation|International Telecommunication Union|Interpol|Multilateral Investment Guarantee Agency|Organisation for the Prohibition of Chemical Weapons|Organisation of Islamic Cooperation|Organization of the Petroleum Exporting Countries|Treaty on the Non-Proliferation of Nuclear Weapons|UNESCO|United Nations|Universal Postal Union|World Customs Organization|World Health Organization|World Meteorological Organization	republic	Africa/Tripoli|Eastern European Time|UTC+02:00
Lithuania	Europe		Lithuanian	right	0	Baltic Assembly|Council of Europe|Council of the Baltic Sea States|Eurocontrol|European Union|International Bank for Reconstruction and Development|International Centre for Settlement of Investment Disputes|International Development Association|International Finance Corporation|International Holocaust Remembrance Alliance|International Telecommunication Union|Interpol|Movement Coordination Centre Europe|Multilateral Investment Guarantee Agency|NATO|Nuclear Suppliers Group|Organisation for the Prohibition of Chemical Weapons|Organization for Economic Cooperation and Development|Organization for Security and Co-operation in Europe|Schengen Area|Strategic Airlift Capability|Treaty on Open Skies|Treaty on the Non-Proliferation of Nuclear Weapons|UNESCO|United Nations|Universal Postal Union|Visa Waiver Program|World Customs Organization|World Health Organization|World Meteorological Organization|World Trade Organization	parliamentary republic|semi-presidential system	UTC+02:00|UTC+03:00
Madagascar	Africa	ariary	French|Malagasy	right	0	AFRISTAT|African Continental Free Trade Area|African Development Bank|African Union|Group on Earth Observations|Indian Ocean Commission|International Bank for Reconstruction and Development|International Centre for Settlement of Investment Disputes|International Development Association|International Finance Corporation|International Telecommunication Union|Interpol|Multilateral Investment Guarantee Agency|Organisation for the Prohibition of Chemical Weapons|Organisation internationale de la Francophonie|Organisation of African, Caribbean and Pacific States|Southern African Development Community|Treaty on the Non-Proliferation of Nuclear Weapons|UNESCO|United Nations|United Nations–African Union Hybrid Operation in Darfur|Universal Postal Union|World Customs Organization|World Health Organization|World Meteorological Organization|World Trade Organization	republic	UTC+03:00
Malawi	Africa	Malawian kwacha	Chewa|English|Tumbuka	left	1	African Continental Free Trade Area|African Development Bank|African Union|Commonwealth of Nations|International Bank for Reconstruction and Development|International Centre for Settlement of Investment Disputes|International Development Association|International Finance Corporation|International Telecommunication Union|Interpol|Multilateral Investment Guarantee Agency|Organisation for the Prohibition of Chemical Weapons|Organisation of African, Caribbean and Pacific States|Southern African Development Community|Treaty on the Non-Proliferation of Nuclear Weapons|UNESCO|United Nations|United Nations–African Union Hybrid Operation in Darfur|Universal Postal Union|World Customs Organization|World Health Organization|World Meteorological Organization|World Trade Organization		Africa/Blantyre|UTC+02:00
Malaysia	Asia	Malaysian ringgit	Malay	left	0	ASEAN|ASEAN Regional Forum|Asia-Pacific Economic Cooperation|Asian Development Bank|Commonwealth of Nations|Group on Earth Observations|International Bank for Reconstruction and Development|International Centre for Settlement of Investment Disputes|International Civil Defence Organisation|International Development Association|International Finance Corporation|International Hydrographic Organization|International Telecommunication Union|Interpol|Multilateral Investment Guarantee Agency|Organisation for the Prohibition of Chemical Weapons|Organisation of Islamic Cooperation|Treaty on the Non-Proliferation of Nuclear Weapons|UNESCO|United Nations|Universal Postal Union|World Customs Organization|World Health Organization|World Meteorological Organization|World Trade Organization	constitutional monarchy|elective monarchy|federal monarchy|federation|parliamentary monarchy	Asia/Kuala_Lumpur|UTC+08:00
Mali	Africa	West African CFA franc	Bambara|Bobo|Bozo|Dogon|Fula|Hassaniya Arabic|Kassonke|Maninka|Minyanka|Senufo|Songhay|Soninke|Tamasheq	right	1	AFRISTAT|African Continental Free Trade Area|African Development Bank|African Groundnut Council|African Union|Economic Community of West African States|Group on Earth Observations|International Bank for Reconstruction and Development|International Centre for Settlement of Investment Disputes|International Civil Defence Organisation|International Development Association|International Finance Corporation|International Telecommunication Union|Interpol|Multilateral Investment Guarantee Agency|OHADA|Organisation for the Prohibition of Chemical Weapons|Organisation internationale de la Francophonie|Organisation of African, Caribbean and Pacific States|Organisation of Islamic Cooperation|Treaty on the Non-Proliferation of Nuclear Weapons|UNESCO|United Nations|United Nations–African Union Hybrid Operation in Darfur|Universal Postal Union|World Customs Organization|World Health Organization|World Meteorological Organization|World Trade Organization		Africa/Bamako|UTC+03:00|UTC±00:00
Malta	Asia|Europe		English|Maltese	left	0	Australia Group|Commonwealth of Nations|Council of Europe|Eurocontrol|European Union|Group on Earth Observations|International Bank for Reconstruction and Development|International Centre for Migration Policy Development|International Centre for Settlement of Investment Disputes|International Civil Defence Organisation|International Finance Corporation|International Hydrographic Organization|International Telecommunication Union|Interpol|Multilateral Investment Guarantee Agency|Nuclear Suppliers Group|Organisation for the Prohibition of Chemical Weapons|Organization for Security and Co-operation in Europe|Schengen Area|Treaty on the Non-Proliferation of Nuclear Weapons|UNESCO|United Nations|Universal Postal Union|Visa Waiver Program|World Customs Organization|World Health Organization|World Meteorological Organization|World Trade Organization	parliamentary democracy	UTC+01:00
Marshall Islands	Oceania	SOV|United States dollar	English|Marshallese	right	0	Alliance of Small Island States|Asian Development Bank|International Bank for Reconstruction and Development|International Development Association|International Finance Corporation|International Telecommunication Union|Interpol|Organisation for the Prohibition of Chemical Weapons|Organisation of African, Caribbean and Pacific States|Treaty on the Non-Proliferation of Nuclear Weapons|UNESCO|United Nations|World Health Organization		Pacific/Kwajalein|Pacific/Majuro|UTC+12:00
Mauritania	Africa	Mauritanian ouguiya	Arabic	right	0	AFRISTAT|African Continental Free Trade Area|African Development Bank|African Union|Arab Bank for Economic Development in Africa|Arab Fund for Economic and Social Development|Arab League|Arab Maghreb Union|Arab Monetary Fund|Economic Community of West African States|International Bank for Reconstruction and Development|International Centre for Settlement of Investment Disputes|International Civil Defence Organisation|International Development Association|International Finance Corporation|International Telecommunication Union|Interpol|Multilateral Investment Guarantee Agency|Organisation for the Prohibition of Chemical Weapons|Organisation internationale de la Francophonie|Organisation of African, Caribbean and Pacific States|Organisation of Islamic Cooperation|Treaty on the Non-Proliferation of Nuclear Weapons|UNESCO|United Nations|Universal Postal Union|World Customs Organization|World Health Organization|World Meteorological Organization|World Trade Organization		Africa/Nouakchott|UTC±00:00
Mauritius	Africa	Mauritian rupee	English|French	left	0	African Continental Free Trade Area|African Development Bank|African Union|Alliance of Small Island States|Commonwealth of Nations|Group on Earth Observations|Indian Ocean Commission|International Bank for Reconstruction and Development|International Centre for Settlement of Investment Disputes|International Civil Defence Organisation|International Development Association|International Finance Corporation|International Hydrographic Organization|International Telecommunication Union|Interpol|Multilateral Investment Guarantee Agency|Organisation for the Prohibition of Chemical Weapons|Organisation internationale de la Francophonie|Organisation of African, Caribbean and Pacific States|Southern African Development Community|Treaty on the Non-Proliferation of Nuclear Weapons|UNESCO|United Nations|Universal Postal Union|World Customs Organization|World Health Organization|World Meteorological Organization|World Trade Organization	parliamentary republic	Indian/Mauritius|UTC+04:00
Mexico	North America	peso	Nahuatl|Spanish|Yucatec Maya	right	0	Agency for the Prohibition of Nuclear Weapons in Latin America and the Caribbean|American Convention on Human Rights|Asia-Pacific Economic Cooperation|Australia Group|Bank for International Settlements|Caribbean Development Bank|Central American Bank for Economic Integration|Community of Latin American and Caribbean States|Conference on Disarmament|Food and Agriculture Organization of the United Nations|G20|Group of 15|Group on Earth Observations|Inter-American Development Bank|International Atomic Energy Agency|International Bank for Reconstruction and Development|International Civil Aviation Organization|International Coffee Organization|International Criminal Court|International Development Association|International Finance Corporation|International Fund for Agricultural Development|International Hydrographic Organization|International Olympic Committee|International Organization for Migration|International Red Cross and Red Crescent Movement|International Telecommunication Union|International Trade Union Confederation|Interpol|Latin American Integration Association|Multilateral Investment Guarantee Agency|National Aeronautics and Space Administration|Non-Aligned Movement|North American Free Trade Agreement|Nuclear Suppliers Group|Organisation for the Prohibition of Chemical Weapons|Organization for Economic Cooperation and Development|Organization of American States|Rio Group|Treaty on the Non-Proliferation of Nuclear Weapons|UN Trade and Development|UNESCO|United Nations|United Nations Economic Commission for Latin America and the Caribbean|United States–Mexico–Canada Agreement|Universal Postal Union|World Customs Organization|World Health Organization|World Meteorological Organization|World Trade Organization	constitutional republic|democratic republic|empire|federal republic|presidential system	Central Time Zone
Mongolia	Asia	Mongolian tögrög	Mongolian	right	1	ASEAN Regional Forum|Asian Development Bank|COMECON|Group on Earth Observations|International Bank for Reconstruction and Development|International Centre for Settlement of Investment Disputes|International Civil Defence Organisation|International Development Association|International Finance Corporation|International Telecommunication Union|Interpol|Multilateral Investment Guarantee Agency|Organisation for the Prohibition of Chemical Weapons|Organization for Security and Co-operation in Europe|Treaty on the Non-Proliferation of Nuclear Weapons|UNESCO|United Nations|United Nations–African Union Hybrid Operation in Darfur|Universal Postal Union|World Customs Organization|World Health Organization|World Meteorological Organization|World Trade Organization	parliamentary system	Asia/Choibalsan|Asia/Hovd|Asia/Ulaanbaatar|UTC+08:00
Montenegro	Europe		Montenegrin|Spanish	right	0	Council of Europe|Eurocontrol|International Bank for Reconstruction and Development|International Centre for Settlement of Investment Disputes|International Development Association|International Finance Corporation|International Hydrographic Organization|International Telecommunication Union|Interpol|Montenegro–Ukraine Free Trade Area|Multilateral Investment Guarantee Agency|NATO|Organisation for the Prohibition of Chemical Weapons|Organization for Security and Co-operation in Europe|Treaty on the Non-Proliferation of Nuclear Weapons|UNESCO|United Nations|Universal Postal Union|World Customs Organization|World Health Organization|World Meteorological Organization|World Trade Organization	republic	UTC+01:00
Morocco	Africa	Moroccan dirham	Arabic|Standard Moroccan Tamazight	right	0	African Continental Free Trade Area|African Development Bank|African Union|Arab Bank for Economic Development in Africa|Arab Fund for Economic and Social Development|Arab League|Arab Maghreb Union|Arab Monetary Fund|Eurocontrol|Group on Earth Observations|International Atomic Energy Agency|International Bank for Reconstruction and Development|International Centre for Settlement of Investment Disputes|International Civil Defence Organisation|International Development Association|International Finance Corporation|International Hydrographic Organization|International Telecommunication Union|Interpol|Maghreb|Multilateral Investment Guarantee Agency|Organisation for the Prohibition of Chemical Weapons|Organisation internationale de la Francophonie|Organisation of Islamic Cooperation|Treaty on the Non-Proliferation of Nuclear Weapons|UNESCO|United Nations|Universal Postal Union|World Customs Organization|World Health Organization|World Meteorological Organization|World Trade Organization	constitutional monarchy	Africa/Casablanca|UTC+01:00|UTC±00:00
Mozambique	Africa	Mozambican metical	Portuguese	left	0	African Continental Free Trade Area|African Development Bank|African Union|Commonwealth of Nations|Community of Portuguese Language Countries|International Bank for Reconstruction and Development|International Centre for Settlement of Investment Disputes|International Development Association|International Finance Corporation|International Hydrographic Organization|International Telecommunication Union|Interpol|Multilateral Investment Guarantee Agency|Organisation for the Prohibition of Chemical Weapons|Organisation of African, Caribbean and Pacific States|Organisation of Islamic Cooperation|Southern African Development Community|Treaty on the Non-Proliferation of Nuclear Weapons|UNESCO|United Nations|Universal Postal Union|World Customs Organization|World Health Organization|World Meteorological Organization|World Trade Organization		Africa/Maputo|UTC+02:00
Myanmar	Asia	kyat	Burmese	right	0	ASEAN|ASEAN Regional Forum|Asian Development Bank|Bay of Bengal Initiative for Multi-Sectoral Technical and Economic Cooperation|International Bank for Reconstruction and Development|International Development Association|International Finance Corporation|International Hydrographic Organization|International Telecommunication Union|Interpol|Multilateral Investment Guarantee Agency|Organisation for the Prohibition of Chemical Weapons|UNESCO|United Nations|Universal Postal Union|World Customs Organization|World Health Organization|World Meteorological Organization|World Trade Organization	republic	Asia/Yangon|UTC+06:30
Namibia	Africa	Namibian dollar|rand	English	left	0	African Continental Free Trade Area|African Development Bank|African Union|Commonwealth of Nations|International Bank for Reconstruction and Development|International Finance Corporation|International Telecommunication Union|Interpol|Multilateral Investment Guarantee Agency|Organisation for the Prohibition of Chemical Weapons|Organisation of African, Caribbean and Pacific States|Southern African Customs Union|Southern African Development Community|Treaty on the Non-Proliferation of Nuclear Weapons|UNESCO|United Nations|United Nations–African Union Hybrid Operation in Darfur|Universal Postal Union|World Customs Organization|World Health Organization|World Meteorological Organization|World Trade Organization		Africa/Windhoek|UTC+02:00
Nepal	Asia	Nepalese rupee	Nepali	left	1	Asian Development Bank|Bay of Bengal Initiative for Multi-Sectoral Technical and Economic Cooperation|Group on Earth Observations|International Bank for Reconstruction and Development|International Centre for Settlement of Investment Disputes|International Development Association|International Finance Corporation|International Telecommunication Union|Interpol|Multilateral Investment Guarantee Agency|Organisation for the Prohibition of Chemical Weapons|Treaty on the Non-Proliferation of Nuclear Weapons|UNESCO|United Nations|United Nations–African Union Hybrid Operation in Darfur|Universal Postal Union|World Customs Organization|World Health Organization|World Meteorological Organization|World Trade Organization	federal republic|people's republic	Asia/Kathmandu|Nepal Standard Time|UTC+05:45
Netherlands	Europe		Dutch	right	0	Accreditation Organisation of the Netherlands and Flanders|African Development Bank|Antarctic Treaty System|Asian Development Bank|Australia Group|Bank for International Settlements|Benelux|CERN|Council of Europe|Dutch Language Union|Economic and Monetary Union of the European Union|Eurocontrol|European Air Transport Command|European Bank for Reconstruction and Development|European Coal and Steel Community|European Economic Area|European Investment Bank|European Payments Union|European Southern Observatory|European Space Agency|European Union|Food and Agriculture Organization of the United Nations|Group of Ten|Group on Earth Observations|Inter-American Development Bank|International Atomic Energy Agency|International Chamber of Commerce|International Civil Aviation Organization|International Criminal Court|International Development Association|International Energy Agency|International Fund for Agricultural Development|International Holocaust Remembrance Alliance|International Hydrographic Organization|International Labour Organization|International Maritime Organization|International Monetary Fund|International Olympic Committee|International Organization for Migration|International Organization for Standardization|International Telecommunication Union|International Trade Union Confederation|Interpol|Multilateral Investment Guarantee Agency|NATO|National Education Association|Nuclear Suppliers Group|Office of the United Nations High Commissioner for Refugees|Organization for Economic Cooperation and Development|Organization for Security and Co-operation in Europe|Paris Club|Permanent Court of Arbitration|Schengen Area|Treaty on Open Skies|UN Trade and Development|UNESCO|United Nations Industrial Development Organization|United Nations Institute for Training and Research|United Nations Peacekeeping Force in Cyprus|Universal Postal Union|Visa Waiver Program|World Customs Organization|World Health Organization|World Meteorological Organization|World Trade Organization|Zangger Committee	constitutional monarchy|parliamentary monarchy	UTC+01:00|UTC+02:00
New Zealand	Oceania	New Zealand dollar	English|Māori|New Zealand Sign Language	left	0	ABCANZ Armies|ANZUK|ANZUS|ASEAN Regional Forum|AUSCANNZUKUS|Air Force Interoperability Council|Asia-Pacific Economic Cooperation|Asian Development Bank|Australia Group|Combined Communications-Electronics Board|Commonwealth of Nations|Five Eyes|Group on Earth Observations|International Bank for Reconstruction and Development|International Centre for Settlement of Investment Disputes|International Development Association|International Energy Agency|International Finance Corporation|International Hydrographic Organization|International Telecommunication Union|Interpol|Missile Technology Control Regime|Multilateral Investment Guarantee Agency|Nuclear Suppliers Group|Organisation for the Prohibition of Chemical Weapons|Organization for Economic Cooperation and Development|Southeast Asia Treaty Organization|The Technical Cooperation Program|Treaty on the Non-Proliferation of Nuclear Weapons|UNESCO|United Nations|Universal Postal Union|Visa Waiver Program|World Customs Organization|World Health Organization|World Meteorological Organization|World Trade Organization	parliamentary monarchy	UTC+12:00|UTC+13:00
Nicaragua	North America	Nicaraguan córdoba	Spanish	right	0	Agency for the Prohibition of Nuclear Weapons in Latin America and the Caribbean|Central American Bank for Economic Integration|Central American Common Market|International Bank for Reconstruction and Development|International Centre for Settlement of Investment Disputes|International Civil Defence Organisation|International Development Association|International Finance Corporation|International Regional Organization for Agricultural Health|International Telecommunication Union|Interpol|Multilateral Investment Guarantee Agency|Organisation for the Prohibition of Chemical Weapons|Organization of American States|Treaty on the Non-Proliferation of Nuclear Weapons|UNESCO|United Nations|Universal Postal Union|World Customs Organization|World Health Organization|World Meteorological Organization|World Trade Organization	republic	America/Managua|UTC−06:00
Niger	Africa	West African CFA franc	Hausa	right	1	AFRISTAT|African Continental Free Trade Area|African Development Bank|African Groundnut Council|African Union|Conseil de l'Entente|Economic Community of West African States|Group on Earth Observations|International Bank for Reconstruction and Development|International Centre for Settlement of Investment Disputes|International Civil Defence Organisation|International Development Association|International Finance Corporation|International Telecommunication Union|Interpol|Lake Chad Basin Commission|Multilateral Investment Guarantee Agency|Multinational Joint Task Force|OHADA|Organisation for the Prohibition of Chemical Weapons|Organisation internationale de la Francophonie|Organisation of African, Caribbean and Pacific States|Organisation of Islamic Cooperation|Treaty on the Non-Proliferation of Nuclear Weapons|UNESCO|United Nations|Universal Postal Union|World Customs Organization|World Health Organization|World Meteorological Organization|World Trade Organization		Africa/Niamey|UTC+01:00
Nigeria	Africa	naira	English	right	0	African Continental Free Trade Area|African Development Bank|African Groundnut Council|African Union|Commonwealth of Nations|Economic Community of West African States|Group on Earth Observations|Gulf of Guinea Commission|International Bank for Reconstruction and Development|International Centre for Settlement of Investment Disputes|International Civil Defence Organisation|International Development Association|International Finance Corporation|International Hydrographic Organization|International Telecommunication Union|Interpol|Lake Chad Basin Commission|Multilateral Investment Guarantee Agency|Multinational Joint Task Force|Organisation for the Prohibition of Chemical Weapons|Organisation of African, Caribbean and Pacific States|Organisation of Islamic Cooperation|Organization of the Petroleum Exporting Countries|Treaty on the Non-Proliferation of Nuclear Weapons|UNESCO|United Nations|United Nations–African Union Hybrid Operation in Darfur|Universal Postal Union|World Customs Organization|World Health Organization|World Meteorological Organization|World Trade Organization	federal republic	Africa/Lagos|UTC+01:00|West Africa Time
North Korea	Asia	North Korean won	Korean|North Korean standard language	right	0	ASEAN Regional Forum|Food and Agriculture Organization of the United Nations|Group of 77|International Civil Aviation Organization|International Fund for Agricultural Development|International Hydrographic Organization|International Maritime Organization|International Olympic Committee|International Organization for Standardization|International Red Cross and Red Crescent Movement|International Telecommunication Union|International Telecommunications Satellite Organization|Interparliamentary Union|Non-Aligned Movement|UN Tourism|UN Trade and Development|UNESCO|United Nations|United Nations Industrial Development Organization|Universal Postal Union|World Federation of Trade Unions|World Health Organization|World Intellectual Property Organization|World Meteorological Organization|states with nuclear weapons	Juche|communist dictatorship|family dictatorship|one-party state|republic|socialist state|unitary state	Asia/Pyongyang|UTC+09:00
North Macedonia	Europe	Macedonian denar	Albanian|Macedonian	right	1	Council of Europe|Eurocontrol|International Bank for Reconstruction and Development|International Centre for Migration Policy Development|International Centre for Settlement of Investment Disputes|International Development Association|International Finance Corporation|International Holocaust Remembrance Alliance|International Telecommunication Union|Interpol|Multilateral Investment Guarantee Agency|NATO|Organisation for the Prohibition of Chemical Weapons|Organisation internationale de la Francophonie|Organization for Security and Co-operation in Europe|Treaty on the Non-Proliferation of Nuclear Weapons|UNESCO|United Nations|Universal Postal Union|World Customs Organization|World Health Organization|World Meteorological Organization|World Trade Organization	parliamentary republic	UTC+01:00
Norway	Europe	Norwegian krone	Bokmål|Norwegian|Nynorsk|Sámi	right	0	African Development Bank|Arctic Council|Asian Development Bank|Australia Group|Bank for International Settlements|Barents Euro-Arctic Council|CGIAR|Council of Europe|Council of the Baltic Sea States|EFTA Court|Eurocontrol|European Alliance|European Economic Area|European Free Trade Association|European Payments Union|European Space Agency|Global Biodiversity Information Facility|Group on Earth Observations|International Bank for Reconstruction and Development|International Centre for Settlement of Investment Disputes|International Development Association|International Energy Agency|International Finance Corporation|International Holocaust Remembrance Alliance|International Hydrographic Organization|International Telecommunication Union|Interpol|Missile Technology Control Regime|Movement Coordination Centre Europe|Multilateral Investment Guarantee Agency|NATO|Nordic Battle Group|Nordic Council|Nuclear Suppliers Group|Organisation for the Prohibition of Chemical Weapons|Organization for Economic Cooperation and Development|Organization for Security and Co-operation in Europe|Schengen Area|Schengen Implementing Convention|Strategic Airlift Capability|Treaty on Open Skies|Treaty on the Non-Proliferation of Nuclear Weapons|UNESCO|United Earth|United Nations|Universal Postal Union|Visa Waiver Program|World Customs Organization|World Health Organization|World Meteorological Organization|World Trade Organization	constitutional monarchy|representative democracy	UTC+01:00
Oman	Asia	Omani rial	Arabic	right	0	Arab Bank for Economic Development in Africa|Arab Fund for Economic and Social Development|Arab Information and Communication Technologies Organization|Arab League|Arab Monetary Fund|Cooperation Council for the Arab States of the Persian Gulf|Group on Earth Observations|International Bank for Reconstruction and Development|International Centre for Settlement of Investment Disputes|International Civil Defence Organisation|International Development Association|International Finance Corporation|International Fund for Agricultural Development|International Hydrographic Organization|International Maritime Organization|International Organization for Migration|International Renewable Energy Agency|International Telecommunication Union|Interpol|Multilateral Investment Guarantee Agency|Organisation for the Prohibition of Chemical Weapons|Organisation of Islamic Cooperation|Treaty on the Non-Proliferation of Nuclear Weapons|UNESCO|United Nations|United Nations Convention on the Law of the Sea|Universal Postal Union|World Customs Organization|World Health Organization|World Intellectual Property Organization|World Meteorological Organization|World Trade Organization	absolute monarchy	Asia/Muscat|UTC+04:00
Pakistan	Asia	Pakistani rupee	English|Urdu	left	0	ASEAN Regional Forum|Asian Development Bank|Commonwealth of Nations|Group on Earth Observations|International Bank for Reconstruction and Development|International Centre for Settlement of Investment Disputes|International Civil Defence Organisation|International Finance Corporation|International Hydrographic Organization|International Telecommunication Union|Interpol|Multilateral Investment Guarantee Agency|Organisation for the Prohibition of Chemical Weapons|Organisation of Islamic Cooperation|Shanghai Cooperation Organisation|Southeast Asia Treaty Organization|UNESCO|United Nations|United Nations–African Union Hybrid Operation in Darfur|Universal Postal Union|World Customs Organization|World Health Organization|World Meteorological Organization|World Trade Organization|states with nuclear weapons	federal republic|parliamentary republic	Asia/Karachi|UTC+05:00
Palestine	Asia	new shekel	Arabic|Spanish	right	0	Arab Bank for Economic Development in Africa|Arab Fund for Economic and Social Development|Arab League|Arab Monetary Fund|International Civil Defence Organisation|Interpol|Organisation for the Prohibition of Chemical Weapons|Organisation of Islamic Cooperation|UNESCO|World Customs Organization	parliamentary republic|semi-presidential system|unitary state	Asia/Jerusalem|UTC+02:00|UTC+03:00
Panama	North America	Panamanian balboa|United States dollar	Spanish	right	0	Agency for the Prohibition of Nuclear Weapons in Latin America and the Caribbean|Central American Bank for Economic Integration|Group on Earth Observations|International Bank for Reconstruction and Development|International Centre for Settlement of Investment Disputes|International Development Association|International Finance Corporation|International Regional Organization for Agricultural Health|International Telecommunication Union|Interpol|Multilateral Investment Guarantee Agency|Organisation for the Prohibition of Chemical Weapons|Organization of American States|Treaty on the Non-Proliferation of Nuclear Weapons|UNESCO|United Nations|Universal Postal Union|World Customs Organization|World Health Organization|World Meteorological Organization|World Trade Organization	presidential system	America/Panama
Papua New Guinea	Oceania	kina	English|Hiri Motu|Papua New Guinean Sign Language|Tok Pisin	left	0	ASEAN Regional Forum|Alliance of Small Island States|Asia-Pacific Economic Cooperation|Asian Development Bank|Commonwealth of Nations|International Bank for Reconstruction and Development|International Centre for Settlement of Investment Disputes|International Development Association|International Finance Corporation|International Hydrographic Organization|International Telecommunication Union|Interpol|Multilateral Investment Guarantee Agency|Organisation for the Prohibition of Chemical Weapons|Organisation of African, Caribbean and Pacific States|Treaty on the Non-Proliferation of Nuclear Weapons|UNESCO|United Nations|United Nations–African Union Hybrid Operation in Darfur|Universal Postal Union|World Customs Organization|World Health Organization|World Meteorological Organization|World Trade Organization		Pacific/Port_Moresby|UTC+10:00|UTC+11:00
Peru	South America	Nuevo sol	Aymara|Quechua|Spanish	right	0	Agency for the Prohibition of Nuclear Weapons in Latin America and the Caribbean|Andean Community|Asia-Pacific Economic Cooperation|Group on Earth Observations|International Bank for Reconstruction and Development|International Centre for Settlement of Investment Disputes|International Development Association|International Finance Corporation|International Hydrographic Organization|International Telecommunication Union|Interpol|Multilateral Investment Guarantee Agency|Organisation for the Prohibition of Chemical Weapons|Organization of American States|Treaty on the Non-Proliferation of Nuclear Weapons|UNESCO|Union of South American Nations|United Nations|United Nations–African Union Hybrid Operation in Darfur|Universal Postal Union|World Customs Organization|World Health Organization|World Meteorological Organization|World Trade Organization	presidential system	
Philippines	Asia	Philippine peso	English|Filipino|Taglish	right	0	ASEAN|ASEAN Regional Forum|Asia-Pacific Economic Cooperation|Asian Development Bank|Group on Earth Observations|International Bank for Reconstruction and Development|International Centre for Settlement of Investment Disputes|International Civil Defence Organisation|International Development Association|International Finance Corporation|International Hydrographic Organization|International Telecommunication Union|Interpol|Multilateral Investment Guarantee Agency|Organisation for the Prohibition of Chemical Weapons|Southeast Asia Treaty Organization|Treaty on the Non-Proliferation of Nuclear Weapons|UNESCO|United Nations|Universal Postal Union|World Customs Organization|World Health Organization|World Meteorological Organization|World Trade Organization	republic	Asia/Manila|Philippine Standard Time
Poland	Europe	złoty	Polish	right	0	Australia Group|COMECON|Convention on preventing and combating violence against women and domestic violence|Council of Europe|Council of the Baltic Sea States|Eurocontrol|European Space Agency|European Union|Group on Earth Observations|International Bank for Reconstruction and Development|International Centre for Migration Policy Development|International Development Association|International Energy Agency|International Finance Corporation|International Holocaust Remembrance Alliance|International Hydrographic Organization|International Monetary Fund|International Telecommunication Union|Interpol|Missile Technology Control Regime|Movement Coordination Centre Europe|Multilateral Investment Guarantee Agency|NATO|Nuclear Suppliers Group|Organisation for the Prohibition of Chemical Weapons|Organization for Economic Cooperation and Development|Organization for Security and Co-operation in Europe|Schengen Area|Strategic Airlift Capability|Treaty on Open Skies|Treaty on the Non-Proliferation of Nuclear Weapons|UNESCO|United Nations|Universal Postal Union|Visa Waiver Program|Visegrád Group|Warsaw Pact|Weimar Triangle|World Customs Organization|World Health Organization|World Intellectual Property Organization|World Meteorological Organization|World Trade Organization	parliamentary system|semi-presidential system|unitary state	Central European Summer Time|Central European Time|UTC+01:00|UTC+02:00
Portugal	Europe		Portuguese	right	0	African Development Bank|Asian Development Bank|Australia Group|Community of Portuguese Language Countries|Council of Europe|Eurocontrol|European Economic Area|European Free Trade Association|European Payments Union|European Southern Observatory|European Space Agency|European Union|Group on Earth Observations|International Bank for Reconstruction and Development|International Centre for Migration Policy Development|International Centre for Settlement of Investment Disputes|International Civil Defence Organisation|International Development Association|International Energy Agency|International Finance Corporation|International Holocaust Remembrance Alliance|International Hydrographic Organization|International Telecommunication Union|Interpol|Missile Technology Control Regime|Movement Coordination Centre Europe|Multilateral Investment Guarantee Agency|NATO|Nuclear Suppliers Group|Organisation for the Prohibition of Chemical Weapons|Organization for Economic Cooperation and Development|Organization for Security and Co-operation in Europe|Schengen Area|Treaty on Open Skies|Treaty on the Non-Proliferation of Nuclear Weapons|UNESCO|United Nations|Universal Postal Union|Visa Waiver Program|World Customs Organization|World Health Organization|World Meteorological Organization|World Trade Organization	republic	UTC±00:00
Qatar	Asia	Qatari riyal	Arabic	right	0	Arab Bank for Economic Development in Africa|Arab Fund for Economic and Social Development|Arab League|Arab Monetary Fund|International Bank for Reconstruction and Development|International Centre for Settlement of Investment Disputes|International Civil Defence Organisation|International Finance Corporation|International Hydrographic Organization|International Telecommunication Union|Interpol|Multilateral Investment Guarantee Agency|Organisation for the Prohibition of Chemical Weapons|Organisation of Islamic Cooperation|Treaty on the Non-Proliferation of Nuclear Weapons|UNESCO|United Nations|Universal Postal Union|World Customs Organization|World Health Organization|World Meteorological Organization|World Trade Organization	constitutional monarchy	Asia/Qatar|UTC+03:00
Republic of the Congo	Africa	Central African CFA franc	French	right	0	AFRISTAT|African Continental Free Trade Area|African Development Bank|African Union|Bank of Central African States|Economic Community of Central African States|Economic and Monetary Community of Central Africa|Group on Earth Observations|Gulf of Guinea Commission|International Bank for Reconstruction and Development|International Centre for Settlement of Investment Disputes|International Development Association|International Finance Corporation|Interpol|Multilateral Investment Guarantee Agency|OHADA|Organisation for the Prohibition of Chemical Weapons|Organisation internationale de la Francophonie|Organisation of African, Caribbean and Pacific States|Organization of the Petroleum Exporting Countries|Treaty on the Non-Proliferation of Nuclear Weapons|UNESCO|United Nations|Universal Postal Union|World Customs Organization|World Health Organization|World Trade Organization	parliamentary republic	UTC+01:00
Romania	Europe	Romanian Leu	Romanian	right	0	Australia Group|COMECON|Council of Europe|Eurocontrol|European Space Agency|European Union|Group on Earth Observations|International Bank for Reconstruction and Development|International Centre for Migration Policy Development|International Centre for Settlement of Investment Disputes|International Development Association|International Finance Corporation|International Holocaust Remembrance Alliance|International Hydrographic Organization|International Telecommunication Union|Interpol|Movement Coordination Centre Europe|Multilateral Investment Guarantee Agency|NATO|Nuclear Suppliers Group|Organisation for the Prohibition of Chemical Weapons|Organisation internationale de la Francophonie|Organization for Security and Co-operation in Europe|Organization of the Black Sea Economic Cooperation|Schengen Area|Strategic Airlift Capability|Treaty on Open Skies|Treaty on the Non-Proliferation of Nuclear Weapons|UNESCO|United Nations|Universal Postal Union|Warsaw Pact|World Customs Organization|World Health Organization|World Meteorological Organization|World Trade Organization	semi-presidential system|unitary state	UTC+02:00
Russia	Asia|Eurasia|Europe	Russian ruble	Russian	right	0	ASEAN Regional Forum|Arctic Council|Asia-Pacific Economic Cooperation|BRIC|BRICS|Barents Euro-Arctic Council|Central Asian Cooperation Organization|Collective Security Treaty Organization|Commonwealth of Independent States|Commonwealth of Independent States Free Trade Area|Council of the Baltic Sea States|G20|Group on Earth Observations|International Bank for Reconstruction and Development|International Civil Defence Organisation|International Development Association|International Finance Corporation|International Hydrographic Organization|International Telecommunication Union|Interpol|Missile Technology Control Regime|Multilateral Investment Guarantee Agency|Nuclear Suppliers Group|Organisation for the Prohibition of Chemical Weapons|Organization for Security and Co-operation in Europe|Organization of the Black Sea Economic Cooperation|Shanghai Cooperation Organisation|Treaty on Open Skies|UNESCO|Union State|United Nations|United Nations Security Council|Universal Postal Union|World Health Organization|World Meteorological Organization|World Trade Organization|states with nuclear weapons	super-presidential republic	UTC+02:00
Rwanda	Africa	Rwandan franc	English|French|Kinyarwanda|Swahili	right	0	African Continental Free Trade Area|African Development Bank|African Union|Commonwealth of Nations|East African Community|International Bank for Reconstruction and Development|International Centre for Settlement of Investment Disputes|International Civil Defence Organisation|International Development Association|International Finance Corporation|International Telecommunication Union|Interpol|Multilateral Investment Guarantee Agency|Organisation for the Prohibition of Chemical Weapons|Organisation internationale de la Francophonie|Organisation of African, Caribbean and Pacific States|Treaty on the Non-Proliferation of Nuclear Weapons|UNESCO|United Nations|United Nations Security Council|United Nations–African Union Hybrid Operation in Darfur|Universal Postal Union|World Customs Organization|World Health Organization|World Meteorological Organization|World Trade Organization	semi-presidential system	Africa/Kigali|UTC+02:00
Saint Kitts and Nevis	North America	Eastern Caribbean dollar	English	left	0	Agency for the Prohibition of Nuclear Weapons in Latin America and the Caribbean|Alliance of Small Island States|Caribbean Community|Caribbean Development Bank|Caribbean Disaster Emergency Management Agency|Commonwealth of Nations|International Bank for Reconstruction and Development|International Centre for Settlement of Investment Disputes|International Development Association|International Finance Corporation|International Telecommunication Union|Interpol|Multilateral Investment Guarantee Agency|Organisation for the Prohibition of Chemical Weapons|Organisation of African, Caribbean and Pacific States|Organization of American States|Treaty on the Non-Proliferation of Nuclear Weapons|UNESCO|United Nations|Universal Postal Union|World Health Organization|World Trade Organization	constitutional monarchy|federal monarchy	America/St_Kitts|UTC−04:00
Saint Lucia	North America	Eastern Caribbean dollar	English	left	0	Agency for the Prohibition of Nuclear Weapons in Latin America and the Caribbean|Alliance of Small Island States|Caribbean Community|Caribbean Development Bank|Caribbean Disaster Emergency Management Agency|Commonwealth of Nations|International Bank for Reconstruction and Development|International Centre for Settlement of Investment Disputes|International Development Association|International Finance Corporation|International Telecommunication Union|Interpol|Multilateral Investment Guarantee Agency|Organisation for the Prohibition of Chemical Weapons|Organisation internationale de la Francophonie|Organisation of African, Caribbean and Pacific States|Organization of American States|Treaty on the Non-Proliferation of Nuclear Weapons|UNESCO|United Nations|Universal Postal Union|World Customs Organization|World Health Organization|World Meteorological Organization|World Trade Organization	constitutional monarchy	America/St_Lucia|UTC−04:00
Saudi Arabia	Asia	Saudi riyal	Arabic	right	0	African Development Bank|Arab Bank for Economic Development in Africa|Arab Fund for Economic and Social Development|Arab League|Arab Monetary Fund|Asian Infrastructure Investment Bank|Cooperation Council for the Arab States of the Persian Gulf|G20|International Bank for Reconstruction and Development|International Centre for Settlement of Investment Disputes|International Civil Defence Organisation|International Development Association|International Finance Corporation|International Hydrographic Organization|International Telecommunication Union|Interpol|Multilateral Investment Guarantee Agency|Organisation for the Prohibition of Chemical Weapons|Organisation of Islamic Cooperation|Organization of the Petroleum Exporting Countries|Treaty on the Non-Proliferation of Nuclear Weapons|UNESCO|United Nations|Universal Postal Union|World Customs Organization|World Health Organization|World Meteorological Organization|World Trade Organization	absolute monarchy|islamic theocracy|monarchy	Asia/Riyadh|UTC+03:00
Senegal	Africa	West African CFA franc	Badyara|Balanta|French|Wolof	right	0	AFRISTAT|African Continental Free Trade Area|African Development Bank|African Groundnut Council|African Union|Economic Community of West African States|Group on Earth Observations|International Bank for Reconstruction and Development|International Centre for Settlement of Investment Disputes|International Civil Defence Organisation|International Development Association|International Finance Corporation|International Telecommunication Union|Interpol|Multilateral Investment Guarantee Agency|OHADA|Organisation for the Prohibition of Chemical Weapons|Organisation internationale de la Francophonie|Organisation of African, Caribbean and Pacific States|Organisation of Islamic Cooperation|Treaty on the Non-Proliferation of Nuclear Weapons|UNESCO|United Nations|United Nations–African Union Hybrid Operation in Darfur|Universal Postal Union|World Customs Organization|World Health Organization|World Meteorological Organization|World Trade Organization	presidential system	Africa/Dakar|UTC±00:00
Serbia	Europe	Serbian dinar	Serbian	right	1	Central European Free Trade Agreement|Council of Europe|Eurocontrol|Group on Earth Observations|International Bank for Reconstruction and Development|International Centre for Migration Policy Development|International Centre for Settlement of Investment Disputes|International Civil Defence Organisation|International Development Association|International Finance Corporation|International Holocaust Remembrance Alliance|International Hydrographic Organization|International Telecommunication Union|Interpol|Multilateral Investment Guarantee Agency|Nuclear Suppliers Group|Organisation for the Prohibition of Chemical Weapons|Organization for Security and Co-operation in Europe|Organization of the Black Sea Economic Cooperation|Partnership for Peace|Treaty on the Non-Proliferation of Nuclear Weapons|UNESCO|United Nations|Universal Postal Union|World Customs Organization|World Health Organization|World Meteorological Organization		UTC+01:00
Seychelles	Africa	Seychellois rupee	English|French|Seychellois Creole	left	0	African Continental Free Trade Area|African Development Bank|African Union|Alliance of Small Island States|Commonwealth of Nations|Francophonie|Group on Earth Observations|Indian Ocean Commission|International Bank for Reconstruction and Development|International Centre for Settlement of Investment Disputes|International Finance Corporation|International Telecommunication Union|Interpol|Multilateral Investment Guarantee Agency|Organisation for the Prohibition of Chemical Weapons|Organisation internationale de la Francophonie|Organisation of African, Caribbean and Pacific States|Southern African Development Community|Treaty on the Non-Proliferation of Nuclear Weapons|UNESCO|United Nations|Universal Postal Union|World Customs Organization|World Health Organization|World Meteorological Organization		Indian/Mahe|UTC+04:00
Sierra Leone	Africa	leone	English|Krio	right	0	African Continental Free Trade Area|African Development Bank|African Union|Commonwealth of Nations|Economic Community of West African States|International Bank for Reconstruction and Development|International Centre for Settlement of Investment Disputes|International Development Association|International Finance Corporation|International Telecommunication Union|Interpol|Mano River Union|Multilateral Investment Guarantee Agency|Organisation for the Prohibition of Chemical Weapons|Organisation of African, Caribbean and Pacific States|Organisation of Islamic Cooperation|Treaty on the Non-Proliferation of Nuclear Weapons|UNESCO|United Nations|United Nations–African Union Hybrid Operation in Darfur|Universal Postal Union|World Customs Organization|World Health Organization|World Meteorological Organization|World Trade Organization	presidential system	Africa/Freetown|UTC±00:00
Singapore	Asia	Singapore dollar	English|Malay|Standard Chinese|Tamil	left	0	ASEAN|ASEAN Regional Forum|Alliance of Small Island States|Asia-Pacific Economic Cooperation|Asian Development Bank|Commonwealth of Nations|Creative Cities Network|International Bank for Reconstruction and Development|International Centre for Settlement of Investment Disputes|International Development Association|International Finance Corporation|International Hydrographic Organization|International Telecommunication Union|Interpol|Multilateral Investment Guarantee Agency|Organisation for the Prohibition of Chemical Weapons|Organization of World Heritage Cities|Treaty on the Non-Proliferation of Nuclear Weapons|UNESCO|United Nations|Universal Postal Union|Visa Waiver Program|World Customs Organization|World Health Organization|World Meteorological Organization|World Trade Organization	parliamentary republic	Asia/Singapore|Singapore Standard Time|UTC+08:00
Slovakia	Europe		Slovak	right	1	Australia Group|Eurocontrol|European Economic Area|European People's Party|European Union|Group on Earth Observations|International Bank for Reconstruction and Development|International Centre for Migration Policy Development|International Centre for Settlement of Investment Disputes|International Civil Defence Organisation|International Development Association|International Energy Agency|International Finance Corporation|International Holocaust Remembrance Alliance|International Telecommunication Union|Interpol|Movement Coordination Centre Europe|Multilateral Investment Guarantee Agency|NATO|Nuclear Suppliers Group|Organisation for the Prohibition of Chemical Weapons|Organization for Economic Cooperation and Development|Organization for Security and Co-operation in Europe|Schengen Area|Treaty on Open Skies|Treaty on the Non-Proliferation of Nuclear Weapons|UNESCO|United Nations|Universal Postal Union|Visa Waiver Program|Visegrád Group|World Customs Organization|World Health Organization|World Meteorological Organization|World Trade Organization	parliamentary republic	UTC+01:00|UTC+02:00
Slovenia	Europe		Slovene	right	0	Australia Group|Council of Europe|Eurocontrol|European Union|Group on Earth Observations|International Bank for Reconstruction and Development|International Centre for Migration Policy Development|International Centre for Settlement of Investment Disputes|International Development Association|International Finance Corporation|International Holocaust Remembrance Alliance|International Hydrographic Organization|International Telecommunication Union|Interpol|Movement Coordination Centre Europe|Multilateral Investment Guarantee Agency|NATO|Nuclear Suppliers Group|Organisation for the Prohibition of Chemical Weapons|Organization for Economic Cooperation and Development|Organization for Security and Co-operation in Europe|Schengen Area|Strategic Airlift Capability|Treaty on Open Skies|Treaty on the Non-Proliferation of Nuclear Weapons|UNESCO|United Nations|Universal Postal Union|Visa Waiver Program|World Customs Organization|World Health Organization|World Meteorological Organization|World Trade Organization	democratic republic	UTC+01:00
Solomon Islands	Insular Oceania|Oceania	Solomon Islands dollar	English	left	0	Alliance of Small Island States|Asian Development Bank|Commonwealth of Nations|International Bank for Reconstruction and Development|International Centre for Settlement of Investment Disputes|International Development Association|International Finance Corporation|International Telecommunication Union|Interpol|Multilateral Investment Guarantee Agency|Organisation for the Prohibition of Chemical Weapons|Organisation of African, Caribbean and Pacific States|Treaty on the Non-Proliferation of Nuclear Weapons|UNESCO|United Nations|Universal Postal Union|World Customs Organization|World Health Organization|World Meteorological Organization|World Trade Organization		Pacific/Guadalcanal|UTC+10:00|UTC+11:00
South Africa	Africa	rand	Afrikaans|English|Northern Sotho|Sesotho|South African Sign Language|Southern Ndebele|Swazi|Tsonga|Tswana|Venda|Xhosa|Zulu	left	0	African Continental Free Trade Area|African Development Bank|African Union|BRICS|Commonwealth of Nations|G20|Group on Earth Observations|International Bank for Reconstruction and Development|International Civil Defence Organisation|International Development Association|International Finance Corporation|International Hydrographic Organization|International Telecommunication Union|Interpol|Missile Technology Control Regime|Multilateral Investment Guarantee Agency|Nuclear Suppliers Group|Organisation for the Prohibition of Chemical Weapons|Organisation of African, Caribbean and Pacific States|Southern African Customs Union|Southern African Development Community|Treaty on the Non-Proliferation of Nuclear Weapons|UNESCO|United Nations|United Nations–African Union Hybrid Operation in Darfur|Universal Postal Union|World Customs Organization|World Health Organization|World Meteorological Organization|World Trade Organization	apartheid|parliamentary republic|representative democracy	Africa/Johannesburg|UTC+02:00|UTC+03:00
South Korea	Asia	Korean mun|won	Korean|Korean Sign Language	right	0	ASEAN Regional Forum|African Development Bank|Antarctic Treaty System|Asia-Pacific Economic Cooperation|Asian Development Bank|Australia Group|G20|Group on Earth Observations|International Bank for Reconstruction and Development|International Centre for Settlement of Investment Disputes|International Civil Defence Organisation|International Development Association|International Energy Agency|International Finance Corporation|International Hydrographic Organization|Interpol|Missile Technology Control Regime|Multilateral Investment Guarantee Agency|Nuclear Suppliers Group|Organisation for the Prohibition of Chemical Weapons|Organization for Economic Cooperation and Development|Treaty on the Non-Proliferation of Nuclear Weapons|UNESCO|United Nations|United Nations–African Union Hybrid Operation in Darfur|Universal Postal Union|Visa Waiver Program|World Customs Organization|World Health Organization|World Meteorological Organization|World Trade Organization	presidential system|republic	Asia/Seoul|Korea Standard Time|UTC+09:00
Spain	Europe		Spanish	right	0	African Development Bank|Asian Development Bank|Australia Group|Central American Bank for Economic Integration|Council of Europe|Eurocontrol|European Air Transport Command|European Southern Observatory|European Space Agency|European Union|Group on Earth Observations|International Bank for Reconstruction and Development|International Centre for Settlement of Investment Disputes|International Development Association|International Energy Agency|International Finance Corporation|International Holocaust Remembrance Alliance|International Hydrographic Organization|International Telecommunication Union|Interpol|League of Nations|Missile Technology Control Regime|Movement Coordination Centre Europe|Multilateral Investment Guarantee Agency|NATO|Nuclear Suppliers Group|Organisation for Joint Armament Cooperation|Organisation for the Prohibition of Chemical Weapons|Organization for Economic Cooperation and Development|Organization for Security and Co-operation in Europe|Organization of Ibero-American States|Pyrenees–Mediterranean Euroregion|Schengen Area|Treaty on Open Skies|Treaty on the Non-Proliferation of Nuclear Weapons|UNESCO|United Nations|United Nations Security Council|Universal Postal Union|Visa Waiver Program|World Customs Organization|World Health Organization|World Meteorological Organization|World Trade Organization|member states of the Organization of Ibero-American States	parliamentary monarchy	Europe/Madrid|UTC+01:00|UTC+02:00|UTC±00:00
Sri Lanka	Asia	Sri Lankan rupee	Sinhala|Tamil	left	0	ASEAN Regional Forum|Asian Development Bank|Bay of Bengal Initiative for Multi-Sectoral Technical and Economic Cooperation|Commonwealth of Nations|International Bank for Reconstruction and Development|International Centre for Settlement of Investment Disputes|International Development Association|International Finance Corporation|International Hydrographic Organization|International Telecommunication Union|Interpol|Multilateral Investment Guarantee Agency|Organisation for the Prohibition of Chemical Weapons|Treaty on the Non-Proliferation of Nuclear Weapons|UNESCO|United Nations|Universal Postal Union|World Customs Organization|World Health Organization|World Meteorological Organization|World Trade Organization	republic	Asia/Colombo|UTC+05:30
Suriname	South America	Surinamese dollar|Surinamese guilder	Dutch	left	0	Agency for the Prohibition of Nuclear Weapons in Latin America and the Caribbean|Alliance of Small Island States|Caribbean Community|Caribbean Development Bank|Caribbean Disaster Emergency Management Agency|Dutch Language Union|International Bank for Reconstruction and Development|International Finance Corporation|International Hydrographic Organization|International Telecommunication Union|Interpol|Multilateral Investment Guarantee Agency|Organisation for the Prohibition of Chemical Weapons|Organisation of African, Caribbean and Pacific States|Organisation of Islamic Cooperation|Organization of American States|Treaty on the Non-Proliferation of Nuclear Weapons|UNESCO|Union of South American Nations|United Nations|Universal Postal Union|World Customs Organization|World Health Organization|World Meteorological Organization|World Trade Organization	republic	America/Paramaribo|UTC−03:00
Sweden	Europe	Swedish krona	Swedish	right	0	African Development Bank|Arctic Council|Asian Development Bank|Australia Group|Barents Euro-Arctic Council|Council of Europe|Council of the Baltic Sea States|Eurocontrol|European Alliance|European Free Trade Association|European Payments Union|European Southern Observatory|European Space Agency|European Union|Group on Earth Observations|International Bank for Reconstruction and Development|International Centre for Migration Policy Development|International Centre for Settlement of Investment Disputes|International Development Association|International Energy Agency|International Finance Corporation|International Holocaust Remembrance Alliance|International Hydrographic Organization|International Telecommunication Union|Interpol|Kalmar Union|League of Nations|Missile Technology Control Regime|Movement Coordination Centre Europe|Multilateral Investment Guarantee Agency|NATO|Nordic Battle Group|Nordic Council|Nuclear Suppliers Group|Organisation for the Prohibition of Chemical Weapons|Organization for Economic Cooperation and Development|Organization for Security and Co-operation in Europe|Partnership for Peace|Schengen Area|Strategic Airlift Capability|Treaty on Open Skies|Treaty on the Non-Proliferation of Nuclear Weapons|UNESCO|Union between Sweden and Norway|United Earth|United Nations|Universal Postal Union|Visa Waiver Program|World Customs Organization|World Health Organization|World Meteorological Organization|World Trade Organization	constitutional monarchy|representative democracy	UTC+01:00
Switzerland	Europe	Swiss franc	French|German|Italian|Romansh	right	1	African Development Bank|Asian Development Bank|Australia Group|Council of Europe|Eurocontrol|European Free Trade Association|European Payments Union|European Southern Observatory|European Space Agency|Group on Earth Observations|International Bank for Reconstruction and Development|International Centre for Migration Policy Development|International Centre for Settlement of Investment Disputes|International Civil Defence Organisation|International Development Association|International Energy Agency|International Finance Corporation|International Holocaust Remembrance Alliance|International Telecommunication Union|Interpol|Missile Technology Control Regime|Multilateral Investment Guarantee Agency|Nuclear Suppliers Group|Organisation for the Prohibition of Chemical Weapons|Organisation internationale de la Francophonie|Organization for Economic Cooperation and Development|Organization for Security and Co-operation in Europe|Schengen Area|Treaty on the Non-Proliferation of Nuclear Weapons|UNESCO|United Nations|Universal Postal Union|Visa Waiver Program|World Customs Organization|World Health Organization|World Meteorological Organization|World Trade Organization	directorial system|federal republic	UTC+01:00
Syria	Asia	Syrian pound	Arabic	right	0	Arab Bank for Economic Development in Africa|Arab Fund for Economic and Social Development|Arab League|Arab Monetary Fund|International Bank for Reconstruction and Development|International Centre for Settlement of Investment Disputes|International Civil Defence Organisation|International Development Association|International Finance Corporation|International Hydrographic Organization|International Telecommunication Union|Interpol|Multilateral Investment Guarantee Agency|Organisation for the Prohibition of Chemical Weapons|Organisation of Islamic Cooperation|Treaty on the Non-Proliferation of Nuclear Weapons|UNESCO|United Nations|Universal Postal Union|World Customs Organization|World Health Organization|World Meteorological Organization	provisional government	Asia/Damascus|UTC+03:00
Tajikistan	Asia	Tajikistani somoni	Tajik	right	1	Asian Development Bank|Central Asian Cooperation Organization|Collective Security Treaty Organization|Commonwealth of Independent States|Commonwealth of Independent States Free Trade Area|Group on Earth Observations|International Bank for Reconstruction and Development|International Civil Defence Organisation|International Development Association|International Finance Corporation|International Telecommunication Union|Interpol|Multilateral Investment Guarantee Agency|Organisation for the Prohibition of Chemical Weapons|Organisation of Islamic Cooperation|Organization for Security and Co-operation in Europe|Shanghai Cooperation Organisation|Treaty on the Non-Proliferation of Nuclear Weapons|UNESCO|United Nations|Universal Postal Union|World Customs Organization|World Health Organization|World Meteorological Organization	presidential system	Asia/Dushanbe|UTC+05:00
Tanzania	Africa	Tanzanian shilling	English|Swahili	left	0	African Continental Free Trade Area|African Development Bank|African Union|Commonwealth of Nations|International Bank for Reconstruction and Development|International Centre for Settlement of Investment Disputes|International Development Association|International Finance Corporation|International Telecommunication Union|Interpol|Multilateral Investment Guarantee Agency|Organisation for the Prohibition of Chemical Weapons|Organisation of African, Caribbean and Pacific States|Southern African Development Community|Treaty on the Non-Proliferation of Nuclear Weapons|UNESCO|United Nations|United Nations–African Union Hybrid Operation in Darfur|Universal Postal Union|World Customs Organization|World Health Organization|World Meteorological Organization|World Trade Organization		Africa/Dar_es_Salaam|East Africa Time|UTC+03:00
Thailand	Asia	baht	Thai	left	0	ASEAN|ASEAN Regional Forum|Asia-Pacific Economic Cooperation|Asian Development Bank|Bay of Bengal Initiative for Multi-Sectoral Technical and Economic Cooperation|Group on Earth Observations|International Bank for Reconstruction and Development|International Development Association|International Finance Corporation|International Hydrographic Organization|International Telecommunication Union|Interpol|Multilateral Investment Guarantee Agency|Organisation for the Prohibition of Chemical Weapons|Southeast Asia Treaty Organization|Treaty on the Non-Proliferation of Nuclear Weapons|UNESCO|United Nations|United Nations–African Union Hybrid Operation in Darfur|Universal Postal Union|World Customs Organization|World Health Organization|World Meteorological Organization|World Trade Organization	constitutional monarchy|parliamentary monarchy	Asia/Bangkok|UTC+07:00
The Bahamas	North America	Bahamian dollar	English	left	0	Agency for the Prohibition of Nuclear Weapons in Latin America and the Caribbean|Alliance of Small Island States|Caribbean Community|Caribbean Development Bank|Caribbean Disaster Emergency Management Agency|Commonwealth of Nations|Group on Earth Observations|International Bank for Reconstruction and Development|International Centre for Settlement of Investment Disputes|International Development Association|International Finance Corporation|International Renewable Energy Agency|International Telecommunication Union|Interpol|Multilateral Investment Guarantee Agency|Organisation for the Prohibition of Chemical Weapons|Organisation of African, Caribbean and Pacific States|Organization of American States|Treaty on the Non-Proliferation of Nuclear Weapons|UNESCO|United Nations|Universal Postal Union|World Customs Organization|World Health Organization|World Meteorological Organization	constitutional monarchy	America/Nassau
Tunisia	Africa	Tunisian dinar	Arabic	right	0	African Continental Free Trade Area|African Development Bank|African Union|Arab Bank for Economic Development in Africa|Arab Fund for Economic and Social Development|Arab League|Arab Maghreb Union|Arab Monetary Fund|Community of Sahel-Saharan States|Group on Earth Observations|International Atomic Energy Agency|International Bank for Reconstruction and Development|International Centre for Settlement of Investment Disputes|International Civil Aviation Organization|International Civil Defence Organisation|International Development Association|International Finance Corporation|International Hydrographic Organization|International Maritime Organization|International Monetary Fund|International Telecommunication Union|Interpol|Multilateral Investment Guarantee Agency|Organisation for the Prohibition of Chemical Weapons|Organisation internationale de la Francophonie|Organisation of Islamic Cooperation|Treaty on the Non-Proliferation of Nuclear Weapons|UN Tourism|UNESCO|Union for the Mediterranean|United Nations|United Nations–African Union Hybrid Operation in Darfur|Universal Postal Union|World Customs Organization|World Health Organization|World Intellectual Property Organization|World Meteorological Organization|World Trade Organization	parliamentary republic|semi-presidential system	Africa/Tunis|Central European Time|UTC+01:00|UTC+02:00
Turkey	Asia|Europe	Turkish lira	Turkish	right	0	African Development Bank|Asian Development Bank|Australia Group|Council of Europe|Eurocontrol|European Payments Union|G20|Group on Earth Observations|International Bank for Reconstruction and Development|International Centre for Migration Policy Development|International Centre for Settlement of Investment Disputes|International Development Association|International Energy Agency|International Finance Corporation|International Hydrographic Organization|International Telecommunication Union|Interpol|League of Nations|MIKTA|Missile Technology Control Regime|Movement Coordination Centre Europe|Multilateral Investment Guarantee Agency|NATO|Nuclear Suppliers Group|Organisation for the Prohibition of Chemical Weapons|Organisation of Islamic Cooperation|Organization for Economic Cooperation and Development|Organization for Security and Co-operation in Europe|Organization of Turkic States|Organization of the Black Sea Economic Cooperation|Treaty on Open Skies|Treaty on the Non-Proliferation of Nuclear Weapons|UNESCO|United Nations|United Nations–African Union Hybrid Operation in Darfur|Universal Postal Union|World Customs Organization|World Health Organization|World Meteorological Organization|World Trade Organization	presidential system|unitary state	Asia/Istanbul|Europe/Istanbul|UTC+03:00
Turkmenistan	Asia	Turkmenistan new manat	Turkmen	right	1	Asian Development Bank|Commonwealth of Independent States|International Bank for Reconstruction and Development|International Centre for Settlement of Investment Disputes|International Finance Corporation|International Telecommunication Union|Interpol|Multilateral Investment Guarantee Agency|Organisation for the Prohibition of Chemical Weapons|Organisation of Islamic Cooperation|Organization for Security and Co-operation in Europe|Organization of Turkic States|Treaty on the Non-Proliferation of Nuclear Weapons|UNESCO|United Nations|Universal Postal Union|World Customs Organization|World Health Organization|World Meteorological Organization	presidential system|republic	Asia/Ashgabat|UTC+05:00
Uganda	Africa	Ugandan shilling	English|Swahili	left	1	African Continental Free Trade Area|African Development Bank|African Union|Commonwealth of Nations|Group on Earth Observations|International Bank for Reconstruction and Development|International Centre for Settlement of Investment Disputes|International Development Association|International Finance Corporation|International Telecommunication Union|Interpol|Multilateral Investment Guarantee Agency|Organisation for the Prohibition of Chemical Weapons|Organisation of African, Caribbean and Pacific States|Organisation of Islamic Cooperation|Treaty on the Non-Proliferation of Nuclear Weapons|UNESCO|United Nations|Universal Postal Union|World Customs Organization|World Health Organization|World Meteorological Organization|World Trade Organization	presidential system	Africa/Kampala|UTC+03:00
Ukraine	Europe	hryvnia	Ukrainian	right	0	United Nations	semi-presidential system	Eastern European Time|Europe/Kyiv|UTC+02:00|UTC+03:00
United Arab Emirates	Asia	United Arab Emirates dirham	Arabic	right	0	African Development Bank|Arab Bank for Economic Development in Africa|Arab Fund for Economic and Social Development|Arab League|Arab Monetary Fund|BRICS|Group on Earth Observations|International Bank for Reconstruction and Development|International Centre for Settlement of Investment Disputes|International Civil Defence Organisation|International Development Association|International Finance Corporation|International Hydrographic Organization|International Telecommunication Union|Interpol|Multilateral Investment Guarantee Agency|Organisation for the Prohibition of Chemical Weapons|Organisation of Islamic Cooperation|Organization of the Petroleum Exporting Countries|Treaty on the Non-Proliferation of Nuclear Weapons|UNESCO|United Nations|Universal Postal Union|World Customs Organization|World Health Organization|World Meteorological Organization|World Trade Organization	absolute monarchy|constitutional monarchy|federal monarchy	Asia/Dubai|UTC+04:00
United Kingdom	Europe	pound sterling	English	left	0	ABCANZ Armies|ANZUK|AUKUS|AUSCANNZUKUS|African Development Bank|Air Force Interoperability Council|Asian Development Bank|Australia Group|Caribbean Development Bank|Combined Communications-Electronics Board|Council of Europe|Eurocontrol|European Free Trade Association|European Southern Observatory|European Space Agency|European Union|Five Eyes|G20|G7|G8|Group on Earth Observations|International Bank for Reconstruction and Development|International Centre for Settlement of Investment Disputes|International Development Association|International Energy Agency|International Finance Corporation|International Holocaust Remembrance Alliance|International Hydrographic Organization|International Telecommunication Union|Interpol|Missile Technology Control Regime|Movement Coordination Centre Europe|Multilateral Investment Guarantee Agency|NATO|Nuclear Suppliers Group|Organisation for Joint Armament Cooperation|Organisation for the Prohibition of Chemical Weapons|Organization for Economic Cooperation and Development|Organization for Security and Co-operation in Europe|Southeast Asia Treaty Organization|The Technical Cooperation Program|Treaty on Open Skies|Treaty on the Non-Proliferation of Nuclear Weapons|United Nations|Universal Postal Union|Visa Waiver Program|World Customs Organization|World Health Organization|World Meteorological Organization|World Trade Organization|states with nuclear weapons	constitutional monarchy	Europe/London
United States	North America	United States dollar	Carolinian|Chamorro|Hawaiian|Samoan|Spanish	right	0	ABCANZ Armies|AUSCANNZUKUS|Air Force Interoperability Council|Arctic Council|Asia-Pacific Economic Cooperation|Combined Communications-Electronics Board|G20|G7|Group of Ten|Group on Earth Observations|International Energy Agency|International Hydrographic Organization|International Telecommunication Union|Interpol|Movement Coordination Centre Europe|NATO|North American Free Trade Agreement|Organisation for the Prohibition of Chemical Weapons|Organization for Economic Cooperation and Development|Organization of American States|Strategic Airlift Capability|The Technical Cooperation Program|UNESCO|United Nations|United Nations Security Council|Universal Postal Union|World Meteorological Organization|World Trade Organization	constitutional republic|democratic republic	Alaska Time Zone|Atlantic Time Zone|Central Time Zone|Chamorro Time Zone|Mountain Time Zone|Samoa Time Zone|UTC+10:00|UTC+12:00|UTC−04:00|UTC−06:00|UTC−07:00|UTC−08:00|UTC−09:00|UTC−11:00|UTC−12:00
Uruguay	South America	Uruguayan peso		right	0	Agency for the Prohibition of Nuclear Weapons in Latin America and the Caribbean|Andean Community|Digital Nations|Group on Earth Observations|International Bank for Reconstruction and Development|International Centre for Settlement of Investment Disputes|International Finance Corporation|International Hydrographic Organization|International Labour Organization|International Telecommunication Union|Interpol|Multilateral Investment Guarantee Agency|Organisation for the Prohibition of Chemical Weapons|Organization of American States|UNESCO|Union of South American Nations|United Nations|Universal Postal Union|World Customs Organization|World Health Organization|World Meteorological Organization|World Trade Organization	participatory democracy|presidential system|republic	America/Montevideo|UTC−03:00
Uzbekistan	Asia	Uzbek som	Uzbek	right	0	Asian Development Bank|Central Asian Cooperation Organization|Collective Security Treaty Organization|Commonwealth of Independent States|Commonwealth of Independent States Free Trade Area|GUAM Organization for Democracy and Economic Development|Group on Earth Observations|International Bank for Reconstruction and Development|International Centre for Settlement of Investment Disputes|International Civil Defence Organisation|International Development Association|International Finance Corporation|International Telecommunication Union|Interpol|Multilateral Investment Guarantee Agency|Organisation for the Prohibition of Chemical Weapons|Organisation of Islamic Cooperation|Organization for Security and Co-operation in Europe|Organization of Turkic States|Shanghai Cooperation Organisation|Treaty on the Non-Proliferation of Nuclear Weapons|UNESCO|United Nations|Universal Postal Union|World Customs Organization|World Health Organization|World Meteorological Organization	presidential system	Asia/Samarkand|Asia/Tashkent|UTC+05:00
Vatican City	Europe		Italian|Latin	right	1	International Telecommunication Union|Interpol|Universal Postal Union	constitutional monarchy|papacy|theocracy	Central European Time|Europe/Vatican|UTC+01:00
Venezuela	South America	sovereign bolivar	Spanish|Venezuelan Sign Language	right	0	Agency for the Prohibition of Nuclear Weapons in Latin America and the Caribbean|Caribbean Development Bank|International Bank for Reconstruction and Development|International Finance Corporation|International Hydrographic Organization|International Telecommunication Union|Interpol|Multilateral Investment Guarantee Agency|Organisation for the Prohibition of Chemical Weapons|Organization of American States|Organization of the Petroleum Exporting Countries|Treaty on the Non-Proliferation of Nuclear Weapons|UNESCO|Union of South American Nations|United Nations|Universal Postal Union|World Customs Organization|World Health Organization|World Trade Organization	federal republic|presidential system	America/Caracas|UTC−04:00
Vietnam	Asia	Vietnamese đồng	Vietnamese	right	0	ASEAN|ASEAN Regional Forum|Asia-Pacific Economic Cooperation|Asian Development Bank|COMECON|Group on Earth Observations|International Bank for Reconstruction and Development|International Development Association|International Finance Corporation|International Hydrographic Organization|International Telecommunication Union|Interpol|Multilateral Investment Guarantee Agency|Organisation for the Prohibition of Chemical Weapons|Organisation internationale de la Francophonie|Treaty on the Non-Proliferation of Nuclear Weapons|UNESCO|United Nations|Universal Postal Union|World Customs Organization|World Health Organization|World Meteorological Organization|World Trade Organization	one-party state|republic|unitary state	Asia/Ho_Chi_Minh|UTC+07:00
Yemen	Asia	Yemeni Rial	Arabic	right	0	Arab Fund for Economic and Social Development|Arab League|Arab Monetary Fund|International Bank for Reconstruction and Development|International Centre for Settlement of Investment Disputes|International Civil Defence Organisation|International Development Association|International Finance Corporation|International Telecommunication Union|Interpol|Multilateral Investment Guarantee Agency|Organisation for the Prohibition of Chemical Weapons|Organisation of Islamic Cooperation|Treaty on the Non-Proliferation of Nuclear Weapons|UNESCO|United Nations|United Nations–African Union Hybrid Operation in Darfur|Universal Postal Union|World Customs Organization|World Health Organization|World Meteorological Organization	presidential system|republic	Asia/Aden|UTC+03:00
Zambia	Africa	Zambian Kwacha	English	left	1	African Continental Free Trade Area|African Development Bank|African Union|Commonwealth of Nations|Food and Agriculture Organization of the United Nations|Group of 77|International Atomic Energy Agency|International Bank for Reconstruction and Development|International Centre for Settlement of Investment Disputes|International Civil Aviation Organization|International Confederation of Free Trade Unions|International Criminal Court|International Development Association|International Finance Corporation|International Fund for Agricultural Development|International Labour Organization|International Monetary Fund|International Olympic Committee|International Organization for Migration|International Organization for Standardization|International Telecommunication Union|Interpol|Lomé Convention|Multilateral Investment Guarantee Agency|Organisation for the Prohibition of Chemical Weapons|Organisation of African, Caribbean and Pacific States|Southern African Development Community|Treaty on the Non-Proliferation of Nuclear Weapons|UNESCO|United Nations|United Nations–African Union Hybrid Operation in Darfur|Universal Postal Union|World Customs Organization|World Health Organization|World Meteorological Organization|World Trade Organization	presidential system|representative democracy	Africa/Lusaka|UTC+02:00
Zimbabwe	Africa	Australian dollar|Indian rupee|United States dollar|Zimbabwe ZiG|Zimbabwean dollar|pound sterling|rand|renminbi|yen	Barwe|Chewa|English|Kalanga|Khoisan|Nambya|Ndau|Northern Ndebele|Sesotho|Shona|Tonga|Tsonga|Tswana|Venda|Xhosa|Zimbabwe Sign Language	left	1	African Continental Free Trade Area|African Development Bank|African Union|Group on Earth Observations|International Bank for Reconstruction and Development|International Centre for Settlement of Investment Disputes|International Civil Defence Organisation|International Development Association|International Finance Corporation|International Telecommunication Union|Interpol|Multilateral Investment Guarantee Agency|Organisation for the Prohibition of Chemical Weapons|Organisation of African, Caribbean and Pacific States|Southern African Development Community|Treaty on the Non-Proliferation of Nuclear Weapons|UNESCO|United Nations|United Nations–African Union Hybrid Operation in Darfur|Universal Postal Union|World Customs Organization|World Health Organization|World Meteorological Organization|World Trade Organization		Africa/Harare|UTC+02:00
